candidato,url,usuario,fecha,texto
Daniel_Noboa,https://x.com/FMRadioFuego/status/1913285618278318579,@FMRadioFuego,2025-04-18T17:36:53.000Z," ¡Resultados oficiales! El Consejo Nacional Electoral del Ecuador ha procesado el 100% de las actas electorales de las 24 provincias, confirmando oficialmente la victoria de Daniel Noboa en las elecciones presidenciales 2025. Un proceso ágil, ordenado y transparente que marca un hito en la historia democrática del país.

 Transparencia y eficiencia electoral reconocidas a nivel internacional. El CNE destacó el trabajo técnico y comprometido de sus funcionarios, mientras que observadores internacionales elogiaron la organización del proceso. Ecuador da ejemplo de democracia sólida y participación ciudadana.

#DanielNoboa #Elecciones2025 #CNEEcuador #ResultadosOficiales #DemocraciaEC #TransparenciaElectoral #ObservaciónInternacional #EcuadorVota"
Daniel_Noboa,https://x.com/radioamericahn/status/1926359973560275376,@radioamericahn,2025-05-24T19:29:42.000Z,"El presidente de Ecuador, Daniel Noboa, juró este sábado el cargo para gobernar durante el periodo 2025-2029 para el que fue reelegido en las últimas elecciones y, en su discurso, anticipó que profundizará las líneas maestras de su corto mandato anterior de año y medio: ""guerra"" al crimen organizado, apertura comercial, inversiones y transformación del sector energético.

#AméricaNoticias #LATAM #RadioAmérica
radioamerica.hn/noboa-inaugura
…"
Daniel_Noboa,https://x.com/ElPulsoEc/status/1923839018065854861,@ElPulsoEc,2025-05-17T20:32:19.000Z,"#ElDato  ¡DANIEL NOBOA SIGUE DERROTANDO AL CORREÍSMO! 

 Ganó la Presidencia 2023.
 Ganó la Consulta Popular 2024. 
 Ganó la primera vuelta electoral 2025.
 Ganó la mayoría en la Asamblea - elecciones 2025.
 Ganó la asambleísta más votada. (Annabella Azín) 
 Ganó la"
Daniel_Noboa,https://x.com/elcomerciocom/status/1903998436271181921,@elcomerciocom,2025-03-24T02:32:56.000Z," ¿Emergencia en salud o mafias en hospitales? Así fue el cruce entre Luisa González y Daniel Noboa:
f.mtr.cool/npfscmbtyu"
Daniel_Noboa,https://x.com/eluniversocom/status/1913696125376176205,@eluniversocom,2025-04-19T20:48:05.000Z,"#DanielNoboa | La Secretaría de Relaciones Exteriores de #México divulgó un comunicado este 19 de abril, tras un mensaje militar que alerta de actos #terroristas en #Ecuador. 
ow.ly/CE6250VEnob"
Daniel_Noboa,https://x.com/EcuavisaInforma/status/1917192140620468435,@EcuavisaInforma,2025-04-29T12:20:00.000Z,"#LaNoticiaAFondo  | En las #Elecciones2025, el candidato-presidente Daniel Noboa logró el triunfo en aquellos cantones con mayor índice de vejez.  Noboa ganó en tres cantones de Loja; donde la población mayor a 65 años representa el 11, 9 %  
bit.ly/44gii7Y"
Daniel_Noboa,https://x.com/ElPortalEcu/status/1874279685963866465,@ElPortalEcu,2025-01-01T02:21:14.000Z," Según la encuestadora Comunicaliza el presidente Daniel Noboa lidera la intención de voto para las elecciones 2025:

Daniel Noboa 32,9%
 Luisa González 29,3%"
Daniel_Noboa,https://x.com/teleamazonasec/status/1889320548460806177,@teleamazonasec,2025-02-11T14:28:15.000Z,"#ATENCIÓN | ""Había cosas que no cuadraban, incluso con el conteo rápido de la OEA"". El presidente candidato Daniel Noboa -en entrevista- reacciona a los resultados de las Elecciones 2025 
ow.ly/BPKB50UXH3K"
Daniel_Noboa,https://x.com/ElPulsoEc/status/1923839018065854861/photo/2,@ElPulsoEc,2025-05-17T20:32:19.000Z,"#ElDato  ¡DANIEL NOBOA SIGUE DERROTANDO AL CORREÍSMO! 

 Ganó la Presidencia 2023.
 Ganó la Consulta Popular 2024. 
 Ganó la primera vuelta electoral 2025.
 Ganó la mayoría en la Asamblea - elecciones 2025.
 Ganó la asambleísta más votada. (Annabella Azín) 
 Ganó la"
Daniel_Noboa,https://x.com/Primicias/status/1889800707408019545,@Primicias,2025-02-12T22:16:14.000Z,"#Elecciones2025 | En 2025, la Revolución Ciudadana logró captar 1,1 millones de votos extra, en comparación a la primera vuelta de 2023; mientras que Daniel Noboa consiguió 2,1 millones adicionales. 
prim.ec/Jy4S50UYYH0

#Elecciones2025ec"
Daniel_Noboa,https://x.com/teleamazonasec/status/1910335556027818417,@teleamazonasec,2025-04-10T14:14:23.000Z,"#ENTREVISTAS | ""Falta madurez en la clase política de Ecuador "". Carlos Aguinaga, expresidente del Tribunal Supremo Electoral (TSE), habla del balotaje entre Daniel Noboa y Luisa González. 
ow.ly/ULlC50VybZh"
Daniel_Noboa,https://x.com/teleamazonasec/status/1888831514009551133/photo/1,@teleamazonasec,2025-02-10T06:05:00.000Z,"#ATENCIÓN | Resultados oficiales de las #Elecciones2025Ec   del domingo 9 de febrero de 2025 en Ecuador. Escrutinio de Daniel Noboa y de Luisa González por provincias 
ow.ly/PUbL50UWugi"
Daniel_Noboa,https://x.com/teleamazonasec/status/1891831725807821114,@teleamazonasec,2025-02-18T12:37:30.000Z,"#ENTREVISTA | ""La expectativa era mayor. No estaba basada en un triunfalismo sino en informaciones confiables"", afirma Roberto Izurieta, exsecretario de Comunicación de la Presidencia 
ow.ly/o51S50V1TMX"
Daniel_Noboa,https://x.com/EFEnoticias/status/1969502940256706940,@EFEnoticias,2025-09-20T20:44:27.000Z,"El presidente de Ecuador, Daniel Noboa, convoca nuevamente a un referéndum para que los ecuatorianos se pronuncien sobre la instauración de una Asamblea Constituyente que redacte una nueva carta magna.
efe.com/mundo/2025-09-
…"
Daniel_Noboa,https://x.com/ElPulsoEc/status/1879553295959884222/photo/1,@ElPulsoEc,2025-01-15T15:36:40.000Z," DANIEL NOBOA LIDERA LA INTENCIÓN DE VOTO EN LAS ELECCIONES 2025 CON EL 36,1%.

Según la encuestadora Comunicaliza, Daniel Noboa tiene el 36,1% de intención de voto; le sigue Luisa González, con 33%; Leonidas Iza, con 2%; y el resto de candidatos no llega ni al 1%."
Daniel_Noboa,https://x.com/EcuavisaInforma/status/1911578940700848378,@EcuavisaInforma,2025-04-14T00:16:02.000Z,"#Elecciones2025  | Con corte a las 19:10 y con el 71,82 % de actas válidas a escala nacional, Daniel Noboa tiene 56,31 % y Luisa González 43,69 %. 

Sigue el minuto a minuto  
bit.ly/3EItkYI"
Daniel_Noboa,https://x.com/teleamazonasec/status/1889320548460806177/photo/1,@teleamazonasec,2025-02-11T14:28:15.000Z,"#ATENCIÓN | ""Había cosas que no cuadraban, incluso con el conteo rápido de la OEA"". El presidente candidato Daniel Noboa -en entrevista- reacciona a los resultados de las Elecciones 2025 
ow.ly/BPKB50UXH3K"
Daniel_Noboa,https://x.com/teleamazonasec/status/1888561261337559084,@teleamazonasec,2025-02-09T12:11:07.000Z,"#Opción2025 | El Consejo Nacional Electoral inauguró las elecciones generales 2025. El ministro José de La Gasca estuvo como delegado del presidente Daniel Noboa.

Vía: 
@stephanypazTA"
Daniel_Noboa,https://x.com/ElDatoIntern/status/1915069873207611813,@ElDatoIntern,2025-04-23T15:46:52.000Z,"#Ecuador | !PAÍSES QUE RECONOCEN A DANIEL NOBOA COMO PRESIDENTE!

Los ecuatorianos no comen cuento eso nos quedó claro en las elecciones del 2025.

#ElDatoInternacional #Ecuador #DanielNoboa"
Daniel_Noboa,https://x.com/EcEnDirecto/status/1953577086079119499,@EcEnDirecto,2025-08-07T22:00:47.000Z,"#POLÍTICA
El presidente Daniel Noboa propuso reducir el número de asambleístas de 151 a 71 mediante la cuarta pregunta de la Consulta Popular presentada el 5 de agosto de 2025. La reforma, que sería aplicable en las próximas elecciones si es aprobada, busca mantener la representatividad provincial y poblacional, asignando escaños según el censo. El Gobierno argumenta que la medida fortalecería el trabajo legislativo y responde al deseo ciudadano de cambiar un sistema saturado. La propuesta cuenta con el respaldo de ADN, PSC y parte de Pachakutik.

Más información 
lc.cx/LuyPGA"
Daniel_Noboa,https://x.com/teleamazonasec/status/1829144822025977993,@teleamazonasec,2024-08-29T12:58:11.000Z,"#ENTREVISTA | ""Tenemos un CNE bastante funcional con el presidente (Daniel Noboa)"", afirma Martín Pallares, articulista de diario Expreso 
ow.ly/YwXk50T9FvY"
Daniel_Noboa,https://x.com/revistavistazo/status/1925632893449080900,@revistavistazo,2025-05-22T19:20:32.000Z,"#PosesiónDanielNoboa | El presidente de Colombia, Gustavo #Petro, asistirá a la ceremonia de investidura de Noboa, pese a que en un principio no reconoció su triunfo en las elecciones de abril  
v.vistazo.com/45k4REr"
Daniel_Noboa,https://x.com/ladataecu/status/1921430375865147848,@ladataecu,2025-05-11T05:01:14.000Z,"#Opinión Daniel Noboa y María José Pinto oficialmente proclamados como Presidente y Vicepresidenta del Ecuador. 

Este 10 de mayo de 2025, el Consejo Nacional Electoral (CNE) proclamó los resultados definitivos de la segunda vuelta de las Elecciones Generales y adjudicó oficialmente las dignidades de Presidente y Vicepresidenta de la República a Daniel Noboa Azin y María José Pinto, respectivamente. Ambos lideran el Movimiento Acción Democrática Nacional (ADN), que obtuvo el respaldo mayoritario del pueblo ecuatoriano.

Con un total de 5’870.618 votos, equivalentes al 55,63%, el binomio presidencial de ADN consolidó una victoria clara y contundente, reflejo del anhelo de cambio, renovación y progreso expresado en las urnas por millones de ciudadanos.

El país se prepara ahora para un nuevo periodo de gobierno 2025-2029, con la entrega de credenciales a las autoridades electas en los próximos días, cumpliendo así con la última fase del proceso electoral. El 24 de mayo, Daniel Noboa asumirá oficialmente sus funciones como Presidente Constitucional de la República del Ecuador.

Esta proclamación no solo ratifica la voluntad popular, sino que representa un paso firme hacia una nueva etapa de gobernabilidad democrática, modernización institucional y desarrollo. El liderazgo joven, firme y visionario de Noboa ha despertado esperanza dentro y fuera del país, especialmente entre los jóvenes, emprendedores y trabajadores que ven en su gestión una oportunidad de transformación real.

El compromiso del nuevo gobierno estará centrado en fortalecer la seguridad, impulsar la educación, dinamizar la economía y promover la unidad nacional. Además, la inclusión de María José Pinto como Vicepresidenta refuerza el enfoque social del nuevo periodo, dando voz a sectores históricamente olvidados.

Ecuador inicia así una nueva página en su historia, con un presidente que ha demostrado cercanía con la gente, capacidad para el diálogo y una clara visión de futuro.
@ladataecu
 

#ladata #TendenciaPolítica #DanielNoboa #MaríaJoséPinto #CNE #ADN #Elecciones2025 #NuevoGobierno"
Daniel_Noboa,https://x.com/revistavistazo/status/1925632893449080900/photo/1,@revistavistazo,2025-05-22T19:20:32.000Z,"#PosesiónDanielNoboa | El presidente de Colombia, Gustavo #Petro, asistirá a la ceremonia de investidura de Noboa, pese a que en un principio no reconoció su triunfo en las elecciones de abril  
v.vistazo.com/45k4REr"
Daniel_Noboa,https://x.com/revistavistazo/status/1913956441062244441/photo/1,@revistavistazo,2025-04-20T14:02:29.000Z,"#LoMásLeído |  La vicepresidenta electa, María José Pinto, ha tomado protagonismo con mensajes llamando a la unidad. Antes de dar el pasó a la política era ejecutiva en su compañía familiar, Empresas Pinto. ¿En qué coincide con Daniel Noboa?  
v.vistazo.com/3YymM68"
Daniel_Noboa,https://x.com/EcuavisaInforma/status/1914309187493941690,@EcuavisaInforma,2025-04-21T13:24:11.000Z,"#LaNoticiaAFondo  | Desde el retorno a la democracia, esta es la primera vez que un presidente gana en #SegundaVuelta y que tiene una Asamblea a su favor. Daniel Noboa tendrá un contexto favorable para la gobernabilidad.  
bit.ly/4cGQAmQ"
Daniel_Noboa,https://x.com/eluniversocom/status/1914300217249181972,@eluniversocom,2025-04-21T12:48:32.000Z,"#MineríaEcuador | María Eulalia Silva, presidenta de la Cámara de Minería del Ecuador, estimó que las exportaciones mineras en 2025 bordearán los $ 3.500 millones.
ow.ly/y0lI50VEGSH"
Daniel_Noboa,https://x.com/notimundoec/status/1923027979501748233,@notimundoec,2025-05-15T14:49:33.000Z," #AHORA | ""Hemos derrumbado obstáculos que parecían difíciles de superar"", resalta Daniel Noboa, al recibir las credenciales de presidente de la República para el período 2025 - 2029. "
Daniel_Noboa,https://x.com/eluniversocom/status/1914300217249181972/photo/1,@eluniversocom,2025-04-21T12:48:32.000Z,"#MineríaEcuador | María Eulalia Silva, presidenta de la Cámara de Minería del Ecuador, estimó que las exportaciones mineras en 2025 bordearán los $ 3.500 millones.
ow.ly/y0lI50VEGSH"
Daniel_Noboa,https://x.com/eluniversocom/status/1977504602657366459,@eluniversocom,2025-10-12T22:40:12.000Z,"Ecuador debate una asamblea constituyente: una nueva constitución podría votarse en las seccionales de 2027. 
ow.ly/QT5E50Xaiqk"
Daniel_Noboa,https://x.com/ElDatoEcua/status/1865825747929272526/photo/1,@ElDatoEcua,2024-12-08T18:28:18.000Z,"#Urgente NOBOA LIDERA LAS ENCUESTAS PARA LAS ELECCIONES 2025.

Según la Encuestadora Tino Electoral - Daniel Noboa lidera la intención de voto presidencial.

 Daniel Noboa 36% 
 Luisa González 32% 
 Nulo 13%
 Blanco 8%"
Daniel_Noboa,https://x.com/kchradio/status/1825674628217364882,@kchradio,2024-08-19T23:22:05.000Z,"Polibio Córdova, presidente ejecutivo de CEDATOS, afirmó que si las elecciones se realizaran en este momento, Daniel Noboa ganaría las elecciones de 2025 ¡ EN UNA SOLA VUELTA ! debido a su alta popularidad y la buena administración de su gobierno "
Daniel_Noboa,https://x.com/politicsecu/status/1966690959774659033,@politicsecu,2025-09-13T02:30:38.000Z,"JOSÉ SERRANO FUE DENUNCIADO POR NARCOTRÁFICO EN EEUU. 

José Serrano acusaba al Presidente Daniel Noboa de narcotraficante y pedía que pierda las elecciones 2025 mientras EEUU tenía denuncias contra él por colaborar con narcotráfico internacional."
Daniel_Noboa,https://x.com/teleamazonasec/status/1910335556027818417/photo/1,@teleamazonasec,2025-04-10T14:14:23.000Z,"#ENTREVISTAS | ""Falta madurez en la clase política de Ecuador "". Carlos Aguinaga, expresidente del Tribunal Supremo Electoral (TSE), habla del balotaje entre Daniel Noboa y Luisa González. 
ow.ly/ULlC50VybZh"
Daniel_Noboa,https://x.com/elcomerciocom/status/1901063235572256958,@elcomerciocom,2025-03-16T00:09:30.000Z,"El debate entre los candidatos Luisa González y Daniel Noboa será televisado
elcomercio.com/actualidad/pol
…"
Daniel_Noboa,https://x.com/ElPulsoEc/status/1879553295959884222,@ElPulsoEc,2025-01-15T15:36:40.000Z," DANIEL NOBOA LIDERA LA INTENCIÓN DE VOTO EN LAS ELECCIONES 2025 CON EL 36,1%.

Según la encuestadora Comunicaliza, Daniel Noboa tiene el 36,1% de intención de voto; le sigue Luisa González, con 33%; Leonidas Iza, con 2%; y el resto de candidatos no llega ni al 1%."
Daniel_Noboa,https://x.com/ElDatoEcua/status/1908219864029778350,@ElDatoEcua,2025-04-04T18:07:23.000Z,"#Urgente ¡DANIEL NOBOA LIDERA EL PRIMER LUGAR EN LAS ENCUESTAS TRACKING!

Encuestas realizadas con corte abril 2025 por la Encuestadora Tracking le da el triunfo al candidato Daniel Noboa con el 52.2 % sobre la candidata Luisa González que acumula el 47.8%.  

#ElDato #elecciones2025 #DanielNoboa #ADN7 #LuisaGonzalez #encuestas"
Daniel_Noboa,https://x.com/elcomerciocom/status/1911598921958273194/photo/1,@elcomerciocom,2025-04-14T01:54:33.000Z," ""Ecuador eligió un camino diferente, no quiere regresar al pasado"". Primeras declaraciones de Daniel Noboa como Presidente reelecto del Ecuador 
f.mtr.cool/myiybdfxds"
Daniel_Noboa,https://x.com/EcuavisaInforma/status/1911578940700848378,@EcuavisaInforma,2025-04-14T00:16:02.000Z,"#Elecciones2025  | Con corte a las 19:10 y con el 71,82 % de actas válidas a escala nacional, Daniel Noboa tiene 56,31 % y Luisa González 43,69 %. 

Sigue el minuto a minuto  
bit.ly/3EItkYI"
Daniel_Noboa,https://x.com/EnmanuelRM_/status/1911580637418435048,@EnmanuelRM_,2025-04-14T00:41:54.000Z," Elecciones Presidenciales Ecuador 2025: 2da vuelta

55,95% -  Daniel Noboa

Con el 85% de los votos escrutados y superando todas las encuestadoras, felicito a Daniel Noboa, quien continuará como presidente de Ecuador."
Daniel_Noboa,https://x.com/CruzaElDato/status/1911901999525966192/media_tags,@eluniversocom,2025-10-24T19:00:09.000Z,"Entre lágrimas y abrazos, #AnaPaulaBuljubasich compartió con sus compañeros de MasterChef ‘Una vida pendiente’, la canción que escribió para su madre. 
ow.ly/CUWN50XhGPO"
Daniel_Noboa,https://x.com/FMRadioFuego/status/1913285618278318579,@FMRadioFuego,2025-04-18T17:36:53.000Z," ¡Resultados oficiales! El Consejo Nacional Electoral del Ecuador ha procesado el 100% de las actas electorales de las 24 provincias, confirmando oficialmente la victoria de Daniel Noboa en las elecciones presidenciales 2025. Un proceso ágil, ordenado y transparente que marca un hito en la historia democrática del país.

 Transparencia y eficiencia electoral reconocidas a nivel internacional. El CNE destacó el trabajo técnico y comprometido de sus funcionarios, mientras que observadores internacionales elogiaron la organización del proceso. Ecuador da ejemplo de democracia sólida y participación ciudadana.

#DanielNoboa #Elecciones2025 #CNEEcuador #ResultadosOficiales #DemocraciaEC #TransparenciaElectoral #ObservaciónInternacional #EcuadorVota"
Daniel_Noboa,https://x.com/eluniversocom/status/1913696125376176205/photo/1,@eluniversocom,2025-04-19T20:48:05.000Z,"#DanielNoboa | La Secretaría de Relaciones Exteriores de #México divulgó un comunicado este 19 de abril, tras un mensaje militar que alerta de actos #terroristas en #Ecuador. 
ow.ly/CE6250VEnob"
Daniel_Noboa,https://x.com/tctelevision/status/1828085194345099751/photo/1,@tctelevision,2024-08-26T15:00:49.000Z,"El Presidente Daniel Noboa se mantiene como el candidato de mayor aceptación para los comicios del 2025. Según una última encuesta de Infinity Estrategas, Noboa continúa liderando la intención de voto frente a los demás candidatos presidenciales, lo que demuestra la confianza del electorado. 

Más detalles aquí 
bit.ly/4fZXKnC"
Daniel_Noboa,https://x.com/ElDatoEcua/status/1917352579840823605,@ElDatoEcua,2025-04-29T22:57:32.000Z,"#Urgente ¡DANIEL NOBOA GANÓ EN LOS CANTONES CON MÁS POBLACIÓN ADULTA MAYOR!

En las Elecciones 2025, Daniel Noboa ganó en cantones con alta población adulta mayor, incluyendo tres de Loja, donde los mayores de 65 años representan el 11,9 %.
@ElDatoEcua
#ElDato #Ecuador #DanielNoboa #Elecciones2025"
Daniel_Noboa,https://x.com/politicsecu/status/1966690959774659033,@politicsecu,2025-09-13T02:30:38.000Z,"JOSÉ SERRANO FUE DENUNCIADO POR NARCOTRÁFICO EN EEUU. 

José Serrano acusaba al Presidente Daniel Noboa de narcotraficante y pedía que pierda las elecciones 2025 mientras EEUU tenía denuncias contra él por colaborar con narcotráfico internacional."
Daniel_Noboa,https://x.com/EcuavisaInforma/status/1917192140620468435,@EcuavisaInforma,2025-04-29T12:20:00.000Z,"#LaNoticiaAFondo  | En las #Elecciones2025, el candidato-presidente Daniel Noboa logró el triunfo en aquellos cantones con mayor índice de vejez.  Noboa ganó en tres cantones de Loja; donde la población mayor a 65 años representa el 11, 9 %  
bit.ly/44gii7Y"
Daniel_Noboa,https://x.com/FMRadioFuego/status/1913285618278318579/photo/1,@FMRadioFuego,2025-04-18T17:36:53.000Z," ¡Resultados oficiales! El Consejo Nacional Electoral del Ecuador ha procesado el 100% de las actas electorales de las 24 provincias, confirmando oficialmente la victoria de Daniel Noboa en las elecciones presidenciales 2025. Un proceso ágil, ordenado y transparente que marca un hito en la historia democrática del país.

 Transparencia y eficiencia electoral reconocidas a nivel internacional. El CNE destacó el trabajo técnico y comprometido de sus funcionarios, mientras que observadores internacionales elogiaron la organización del proceso. Ecuador da ejemplo de democracia sólida y participación ciudadana.

#DanielNoboa #Elecciones2025 #CNEEcuador #ResultadosOficiales #DemocraciaEC #TransparenciaElectoral #ObservaciónInternacional #EcuadorVota"
Daniel_Noboa,https://x.com/eluniversocom/status/1914042691073069397/photo/1,@eluniversocom,2025-04-20T19:45:13.000Z,"#LuisaGonzález | Una vez que el CNE proclame resultados numéricos se abrirá el calendario para presentar objeciones y recursos legales ante los jueces electorales. 
ow.ly/uGVe50VEuqj"
Daniel_Noboa,https://x.com/ladataecu/status/1925526386577412186,@ladataecu,2025-05-22T12:17:19.000Z,"#Editorial Noboa le devuelve la confianza al país y el riesgo país cae más de 800 puntos tras su reelección. 

El riesgo país de Ecuador ha tenido una caída histórica tras la victoria de Daniel Noboa en las elecciones del pasado 13 de abril de 2025. Según cifras oficiales del Banco Central del Ecuador, ese día el indicador se ubicaba en 1.844 puntos, mientras que al corte del martes 20 de mayo marcó 995 puntos, una reducción de 849 unidades que marca un hito económico en el país.

A tan solo poco tiempo de su posesión presidencial, esta reducción representa una muestra clara de confianza por parte de los mercados internacionales en la continuidad del proyecto liderado por Noboa. El temor al retorno del correísmo había disparado el riesgo país durante la campaña; sin embargo, la contundente victoria de Noboa no solo frenó esa tendencia, sino que la revirtió con fuerza.

La comunidad internacional, los organismos multilaterales y los inversionistas han reaccionado de forma positiva, especialmente luego de la gira internacional del presidente electo, donde se consolidaron nuevas alianzas y se reafirmaron compromisos con la estabilidad económica y la lucha contra el crimen organizado.

La caída del riesgo país no es solo una cifra. Implica tasas de interés más bajas, mayor acceso a financiamiento internacional, nuevas oportunidades de inversión extranjera directa, y un ambiente de confianza para los sectores productivos. Este nuevo escenario permitirá al Gobierno seguir empujando reformas económicas estructurales con mayor respaldo y efectividad.

Mientras Daniel Noboa afianza un liderazgo moderno y firme, el mundo observa que Ecuador ya no es un país rehén de la inestabilidad, sino un socio serio que apuesta por el desarrollo. La baja del riesgo país es solo el primer paso de un nuevo ciclo de recuperación, inversión y crecimiento. La economía comienza a respirar, y las oportunidades vuelven a ponerse sobre la mesa.
@LaDataEc
 

#ladata #TendenciaPolítica #DanielNoboa #RiesgoPaís #Confianza #Internacional #Elecciones2025"
Daniel_Noboa,https://x.com/revistavistazo/status/1913029153911157241,@revistavistazo,2025-04-18T00:37:47.000Z,"En sintonía con la OEA y la Unión Europea, el presidente de Rusia, Vladimir Putin, felicitó este jueves a Daniel Noboa por su victoria en la segunda vuelta de las elecciones presidenciales de Ecuador. Esto es lo que declaró  
v.vistazo.com/42A9kQj"
Daniel_Noboa,https://x.com/eluniversocom/status/1913696125376176205,@eluniversocom,2025-04-19T20:48:05.000Z,"#DanielNoboa | La Secretaría de Relaciones Exteriores de #México divulgó un comunicado este 19 de abril, tras un mensaje militar que alerta de actos #terroristas en #Ecuador. 
ow.ly/CE6250VEnob"
Daniel_Noboa,https://x.com/kchradio/status/1912142796791628244,@kchradio,2025-04-15T13:55:43.000Z,"CÁMARA DE MINERÍA FELICITA AL PRESIDENTE DANIEL NOBOA POR SU TRIUNFO EN LAS ELECCIONES 2025 
@mariaeulalias
, presidenta Ejecutiva de la Cámara de
@mineriaecuador
, se refirió al triunfo de Daniel Noboa y María José Pinto en las elecciones que se desarrollaron el domingo 13 de abril en Ecuador."
Daniel_Noboa,https://x.com/teleamazonasec/status/1888583926769225913/photo/1,@teleamazonasec,2025-02-09T13:41:10.000Z,"#Opción2025 | #Elecciones2025Ec  El presidente candidato, Daniel Noboa, votó en la comuna Olón en la provincia de Santa Elena 
ow.ly/WACP50UWlLC"
Daniel_Noboa,https://x.com/teleamazonasec/status/1858859749346844804,@teleamazonasec,2024-11-19T13:03:50.000Z,"#ENTREVISTA | ""El fenómeno del endoso es complejo (...) El votante de Jan Topic va a ser quien decida su voto"", afirma Andrea Yépez, analista política 
ow.ly/BrYI50U9THC"
Daniel_Noboa,https://x.com/eluniversocom/status/1977504602657366459/photo/1,@eluniversocom,2025-10-12T22:40:12.000Z,"Ecuador debate una asamblea constituyente: una nueva constitución podría votarse en las seccionales de 2027. 
ow.ly/QT5E50Xaiqk"
Daniel_Noboa,https://x.com/CruzaElDato/status/1911901999525966192,@CruzaElDato,2025-04-14T21:58:52.000Z," | “¡No los defraudará!” Donald Trump felicita a Daniel Noboa tras su reelección en Ecuador. 

El presidente de Estados Unidos, Donald Trump, celebró la reelección de Daniel Noboa en las elecciones presidenciales de Ecuador 2025 con un mensaje directo y entusiasta:

“Felicitaciones a Daniel Noboa, quien será un gran líder para el maravilloso pueblo de Ecuador. ¡No los defraudará!”

#LaElección2025 | La felicitación fue publicada en su red social, Truth Social, después de que Noboa se impusiera por amplia diferencia frente a la candidata del correísmo.

#CruzaElDato #Noboa2025 #ADN #Elecciones2025 #EleccionesEcuador2025 #Elecciones2025Ecuador #Ecuador #EcuadorDecide2025 #EcuadorDecide #Noboa #Luisa #NoboaPresidente  #URGENTE #AHORA #CNE #NoboaPresidente2025 
@DanielNoboaOk
 @realDonaldTrump
 @Adnecuadorok
 @mjpintoec"
Daniel_Noboa,https://x.com/teleamazonasec/status/1815728892549669068,@teleamazonasec,2024-07-23T12:41:17.000Z,"#ENTREVISTA | ""El presidente Daniel Noboa tiene el derecho de participar en las elecciones. Tiene dos desafíos para reelegirse"", dice Otto Sonnenholzner, excandidato presidencial 
ow.ly/4v5e50SI5wR"
Daniel_Noboa,https://x.com/ElDatoEcua/status/1879550743642005675/photo/2,@ElDatoEcua,2025-01-15T15:26:32.000Z,"#Urgente DANIEL NOBOA LIDERA LA INTENCIÓN DE VOTO EN LAS ELECCIONES 2025 CON EL 36,1%.

Según la encuestadora Comunicaliza, Daniel Noboa tiene el 36,1% de intención de voto; le sigue Luisa González, con 33%; Leonidas Iza, con 2%; y el resto de candidatos no llega ni al 1%."
Daniel_Noboa,https://x.com/kchradio/status/1825674628217364882,@kchradio,2024-08-19T23:22:05.000Z,"Polibio Córdova, presidente ejecutivo de CEDATOS, afirmó que si las elecciones se realizaran en este momento, Daniel Noboa ganaría las elecciones de 2025 ¡ EN UNA SOLA VUELTA ! debido a su alta popularidad y la buena administración de su gobierno "
Daniel_Noboa,https://x.com/EcuavisaInforma/status/1914309187493941690/photo/1,@EcuavisaInforma,2025-04-21T13:24:11.000Z,"#LaNoticiaAFondo  | Desde el retorno a la democracia, esta es la primera vez que un presidente gana en #SegundaVuelta y que tiene una Asamblea a su favor. Daniel Noboa tendrá un contexto favorable para la gobernabilidad.  
bit.ly/4cGQAmQ"
Daniel_Noboa,https://x.com/kchradio/status/1825674628217364882/photo/1,@kchradio,2024-08-19T23:22:05.000Z,"Polibio Córdova, presidente ejecutivo de CEDATOS, afirmó que si las elecciones se realizaran en este momento, Daniel Noboa ganaría las elecciones de 2025 ¡ EN UNA SOLA VUELTA ! debido a su alta popularidad y la buena administración de su gobierno "
Daniel_Noboa,https://x.com/EcEnDirecto/status/1953577086079119499,@EcEnDirecto,2025-08-07T22:00:47.000Z,"#POLÍTICA
El presidente Daniel Noboa propuso reducir el número de asambleístas de 151 a 71 mediante la cuarta pregunta de la Consulta Popular presentada el 5 de agosto de 2025. La reforma, que sería aplicable en las próximas elecciones si es aprobada, busca mantener la representatividad provincial y poblacional, asignando escaños según el censo. El Gobierno argumenta que la medida fortalecería el trabajo legislativo y responde al deseo ciudadano de cambiar un sistema saturado. La propuesta cuenta con el respaldo de ADN, PSC y parte de Pachakutik.

Más información 
lc.cx/LuyPGA"
Daniel_Noboa,https://x.com/EcuavisaInforma/status/1911615127708709066/photo/1,@EcuavisaInforma,2025-04-14T02:58:57.000Z,"#Elecciones2025 | Daniel Noboa dio más declaraciones tras conocer que ganó los comicios. Esta vez fue abordado por la prensa y se refirió a la postura de Luisa González, quien dijo que no reconocerá los resultados  
bit.ly/4ifiyau"
Daniel_Noboa,https://x.com/Primicias/status/1912629590385635533,@Primicias,2025-04-16T22:10:03.000Z,"El 13 de abril de 2025, 1.143 presos votaron para Presidente de la República en Ecuador en la segunda vuelta. El 96,19% de los sufragios fue a favor de Luisa González, candidata de la Revolución Ciudadana. 
prim.ec/v6Fx50VC0VH"
Daniel_Noboa,https://x.com/ElPulsoEc/status/1923839018065854861,@ElPulsoEc,2025-05-17T20:32:19.000Z,"#ElDato  ¡DANIEL NOBOA SIGUE DERROTANDO AL CORREÍSMO! 

 Ganó la Presidencia 2023.
 Ganó la Consulta Popular 2024. 
 Ganó la primera vuelta electoral 2025.
 Ganó la mayoría en la Asamblea - elecciones 2025.
 Ganó la asambleísta más votada. (Annabella Azín) 
 Ganó la"
Daniel_Noboa,https://x.com/elcomerciocom/status/1901063235572256958/photo/1,@elcomerciocom,2025-03-16T00:09:30.000Z,"El debate entre los candidatos Luisa González y Daniel Noboa será televisado
elcomercio.com/actualidad/pol
…"
Daniel_Noboa,https://x.com/ElDatoEcua/status/1865825747929272526,@ElDatoEcua,2024-12-08T18:28:18.000Z,"#Urgente NOBOA LIDERA LAS ENCUESTAS PARA LAS ELECCIONES 2025.

Según la Encuestadora Tino Electoral - Daniel Noboa lidera la intención de voto presidencial.

 Daniel Noboa 36% 
 Luisa González 32% 
 Nulo 13%
 Blanco 8%"
Daniel_Noboa,https://x.com/elcomerciocom/status/1903989564361891911/photo/1,@elcomerciocom,2025-03-24T01:57:41.000Z," En el primer eje del debate presidencial, Daniel Noboa y Luisa González se enfrentaron con propuestas sobre un tema urgente: la educación: 
f.mtr.cool/uiwdztqpui"
Daniel_Noboa,https://x.com/ElPulsoEc/status/1923829935560405430,@ElPulsoEc,2025-05-17T19:56:14.000Z,"#ElDato  ¡DANIEL NOBOA CONTINÚA DERROTANDO AL CORREÍSMO! 

 Ganó la Presidencia 2023.
 Ganó la Consulta Popular 2024. 
 Ganó la primera vuelta electoral 2025.
 Ganó la mayoría en la Asamblea - elecciones 2025.
 Ganó la asambleísta más votada. (Annabella Azín) 
 Ganó"
Daniel_Noboa,https://x.com/TiempoRealEC/status/1980623415779131801,@TiempoRealEC,2025-10-21T13:13:15.000Z,".#ATENCIÓN || “HACIENDO CAMPAÑA POR EL SÍ PARA QUE LA TINTA SE PASE AL NO”

 El presidente Daniel Noboa 
@DanielNoboaOk
 reaccionó a las acusaciones de la Revolución Ciudadana (RC), que aseguran que en las elecciones presidenciales de 2025 se usaron “esferos de tinta mágica” para alterar los votos entre candidatos.

 El Presidente Noboa ironiza señalando:
“Correa y Luisa haciendo campaña por el SÍ, para que por la tinta se traspase al NO.”

 El tuit de Noboa surgió tras la entrevista que Luisa González realizó a Rafael Correa en el programa “Conversando con Correa”, donde hablaron de la próxima Consulta Popular y Referendo, en el que no podrán participar.

 El CNE los dejó fuera de la campaña por el NO en la consulta popular, argumentando que Luisa González no presentó la documentación completa para la inscripción oficial.

 #TiempoRealEc #VivimosHistorias"
Daniel_Noboa,https://x.com/eluniversocom/status/1977504602657366459,@eluniversocom,2025-10-12T22:40:12.000Z,"Ecuador debate una asamblea constituyente: una nueva constitución podría votarse en las seccionales de 2027. 
ow.ly/QT5E50Xaiqk"
Daniel_Noboa,https://x.com/teleamazonasec/status/1869450235891822621,@teleamazonasec,2024-12-18T18:30:43.000Z,"#24Horas | La disputa por la Presidencia de Ecuador en las elecciones de 2025 se concentra entre Daniel Noboa y Luisa González, según una encuesta de Comunicaliza. 

Vía: 
@bernardacevaTA"
Daniel_Noboa,https://x.com/EnmanuelRM_/status/1911580637418435048/photo/1,@EnmanuelRM_,2025-04-14T00:41:54.000Z," Elecciones Presidenciales Ecuador 2025: 2da vuelta

55,95% -  Daniel Noboa

Con el 85% de los votos escrutados y superando todas las encuestadoras, felicito a Daniel Noboa, quien continuará como presidente de Ecuador."
Daniel_Noboa,https://x.com/teleamazonasec/status/1912241147763712046,@teleamazonasec,2025-04-15T20:26:32.000Z,"#ATENCIÓN | ¿Qué dice el Plan de Trabajo del presidente electo Daniel Noboa? Sus principales propuestas  
ow.ly/PpfR50VBcjY"
Daniel_Noboa,https://x.com/teleamazonasec/status/1829141498014961786,@teleamazonasec,2024-08-29T12:58:11.000Z,"#ENTREVISTA | ""Tenemos un CNE bastante funcional con el presidente (Daniel Noboa)"", afirma Martín Pallares, articulista de diario Expreso 
ow.ly/YwXk50T9FvY"
Daniel_Noboa,https://x.com/Primicias/status/1889800707408019545,@Primicias,2025-02-12T22:16:14.000Z,"#Elecciones2025 | En 2025, la Revolución Ciudadana logró captar 1,1 millones de votos extra, en comparación a la primera vuelta de 2023; mientras que Daniel Noboa consiguió 2,1 millones adicionales. 
prim.ec/Jy4S50UYYH0

#Elecciones2025ec"
Daniel_Noboa,https://x.com/elcomerciocom/status/1903989564361891911,@elcomerciocom,2025-03-24T01:57:41.000Z," En el primer eje del debate presidencial, Daniel Noboa y Luisa González se enfrentaron con propuestas sobre un tema urgente: la educación: 
f.mtr.cool/uiwdztqpui"
Daniel_Noboa,https://x.com/ElPulsoEc/status/1879553295959884222/photo/2,@ElPulsoEc,2025-01-15T15:36:40.000Z," DANIEL NOBOA LIDERA LA INTENCIÓN DE VOTO EN LAS ELECCIONES 2025 CON EL 36,1%.

Según la encuestadora Comunicaliza, Daniel Noboa tiene el 36,1% de intención de voto; le sigue Luisa González, con 33%; Leonidas Iza, con 2%; y el resto de candidatos no llega ni al 1%."
Daniel_Noboa,https://x.com/ElDatoEcua/status/1865825747929272526,@ElDatoEcua,2024-12-08T18:28:18.000Z,"#Urgente NOBOA LIDERA LAS ENCUESTAS PARA LAS ELECCIONES 2025.

Según la Encuestadora Tino Electoral - Daniel Noboa lidera la intención de voto presidencial.

 Daniel Noboa 36% 
 Luisa González 32% 
 Nulo 13%
 Blanco 8%"
Daniel_Noboa,https://x.com/EcuavisaInforma/status/1911615127708709066,@EcuavisaInforma,2025-04-14T02:58:57.000Z,"#Elecciones2025 | Daniel Noboa dio más declaraciones tras conocer que ganó los comicios. Esta vez fue abordado por la prensa y se refirió a la postura de Luisa González, quien dijo que no reconocerá los resultados  
bit.ly/4ifiyau"
Daniel_Noboa,https://x.com/ElPortalEcu/status/1874279685963866465/photo/2,@ElPortalEcu,2025-01-01T02:21:14.000Z," Según la encuestadora Comunicaliza el presidente Daniel Noboa lidera la intención de voto para las elecciones 2025:

Daniel Noboa 32,9%
 Luisa González 29,3%"
Daniel_Noboa,https://x.com/teleamazonasec/status/1888583926769225913,@teleamazonasec,2025-02-09T13:41:10.000Z,"#Opción2025 | #Elecciones2025Ec  El presidente candidato, Daniel Noboa, votó en la comuna Olón en la provincia de Santa Elena 
ow.ly/WACP50UWlLC"
Daniel_Noboa,https://x.com/revistavistazo/status/1913029153911157241,@revistavistazo,2025-04-18T00:37:47.000Z,"En sintonía con la OEA y la Unión Europea, el presidente de Rusia, Vladimir Putin, felicitó este jueves a Daniel Noboa por su victoria en la segunda vuelta de las elecciones presidenciales de Ecuador. Esto es lo que declaró  
v.vistazo.com/42A9kQj"
Daniel_Noboa,https://x.com/elcomerciocom/status/1901063235572256958,@elcomerciocom,2025-03-16T00:09:30.000Z,"El debate entre los candidatos Luisa González y Daniel Noboa será televisado
elcomercio.com/actualidad/pol
…"
Daniel_Noboa,https://x.com/teleamazonasec/status/1829144822025977993,@teleamazonasec,2024-08-29T12:58:11.000Z,"#ENTREVISTA | ""Tenemos un CNE bastante funcional con el presidente (Daniel Noboa)"", afirma Martín Pallares, articulista de diario Expreso 
ow.ly/YwXk50T9FvY"
Daniel_Noboa,https://x.com/eluniversocom/status/1871308208377090442/photo/1,@eluniversocom,2024-12-23T21:33:38.000Z,"#DanielNoboa |  A partir del 5 de enero próximo el país entra a un proceso de campaña electoral para las elecciones generales de febrero de 2025. 
ow.ly/4CVp50UwhhE"
Daniel_Noboa,https://x.com/TiempoRealEC/status/1980623415779131801,@TiempoRealEC,2025-10-21T13:13:15.000Z,".#ATENCIÓN || “HACIENDO CAMPAÑA POR EL SÍ PARA QUE LA TINTA SE PASE AL NO”

 El presidente Daniel Noboa 
@DanielNoboaOk
 reaccionó a las acusaciones de la Revolución Ciudadana (RC), que aseguran que en las elecciones presidenciales de 2025 se usaron “esferos de tinta mágica” para alterar los votos entre candidatos.

 El Presidente Noboa ironiza señalando:
“Correa y Luisa haciendo campaña por el SÍ, para que por la tinta se traspase al NO.”

 El tuit de Noboa surgió tras la entrevista que Luisa González realizó a Rafael Correa en el programa “Conversando con Correa”, donde hablaron de la próxima Consulta Popular y Referendo, en el que no podrán participar.

 El CNE los dejó fuera de la campaña por el NO en la consulta popular, argumentando que Luisa González no presentó la documentación completa para la inscripción oficial.

 #TiempoRealEc #VivimosHistorias"
Daniel_Noboa,https://x.com/Primicias/status/1889800707408019545/photo/1,@Primicias,2025-02-12T22:16:14.000Z,"#Elecciones2025 | En 2025, la Revolución Ciudadana logró captar 1,1 millones de votos extra, en comparación a la primera vuelta de 2023; mientras que Daniel Noboa consiguió 2,1 millones adicionales. 
prim.ec/Jy4S50UYYH0

#Elecciones2025ec"
Daniel_Noboa,https://x.com/EcEnDirecto/status/1953577086079119499/photo/1,@EcEnDirecto,2025-08-07T22:00:47.000Z,"#POLÍTICA
El presidente Daniel Noboa propuso reducir el número de asambleístas de 151 a 71 mediante la cuarta pregunta de la Consulta Popular presentada el 5 de agosto de 2025. La reforma, que sería aplicable en las próximas elecciones si es aprobada, busca mantener la representatividad provincial y poblacional, asignando escaños según el censo. El Gobierno argumenta que la medida fortalecería el trabajo legislativo y responde al deseo ciudadano de cambiar un sistema saturado. La propuesta cuenta con el respaldo de ADN, PSC y parte de Pachakutik.

Más información 
lc.cx/LuyPGA"
Daniel_Noboa,https://x.com/teleamazonasec/status/1829141498014961786,@teleamazonasec,2024-08-29T12:58:11.000Z,"#ENTREVISTA | ""Tenemos un CNE bastante funcional con el presidente (Daniel Noboa)"", afirma Martín Pallares, articulista de diario Expreso 
ow.ly/YwXk50T9FvY"
Daniel_Noboa,https://x.com/teleamazonasec/status/1888561261337559084,@teleamazonasec,2025-02-09T12:11:07.000Z,"#Opción2025 | El Consejo Nacional Electoral inauguró las elecciones generales 2025. El ministro José de La Gasca estuvo como delegado del presidente Daniel Noboa.

Vía: 
@stephanypazTA"
Daniel_Noboa,https://x.com/ElDatoEcua/status/1864529151832604768,@ElDatoEcua,2024-12-05T04:36:05.000Z,"#Urgente ¡Daniel Noboa al frente en las encuestas para las elecciones 2025!

Daniel Noboa lidera las encuestas: Con un 34% de intención de voto, el Presidente se perfila como favorito para las elecciones de 2025, según Informe Confidencial. Luisa González, del correísmo, lo sigue de cerca con un 32%."
Daniel_Noboa,https://x.com/ElDatoEcua/status/1864529151832604768/photo/1,@ElDatoEcua,2024-12-05T04:36:05.000Z,"#Urgente ¡Daniel Noboa al frente en las encuestas para las elecciones 2025!

Daniel Noboa lidera las encuestas: Con un 34% de intención de voto, el Presidente se perfila como favorito para las elecciones de 2025, según Informe Confidencial. Luisa González, del correísmo, lo sigue de cerca con un 32%."
Daniel_Noboa,https://x.com/ElDatoEcua/status/1879550743642005675,@ElDatoEcua,2025-01-15T15:26:32.000Z,"#Urgente DANIEL NOBOA LIDERA LA INTENCIÓN DE VOTO EN LAS ELECCIONES 2025 CON EL 36,1%.

Según la encuestadora Comunicaliza, Daniel Noboa tiene el 36,1% de intención de voto; le sigue Luisa González, con 33%; Leonidas Iza, con 2%; y el resto de candidatos no llega ni al 1%."
Daniel_Noboa,https://x.com/ElPortalEcu/status/1864026552045801812,@ElPortalEcu,2024-12-03T19:18:56.000Z," Según Informe Confidencial, Daniel Noboa lidera las encuestas con un 34% de intención de voto, seguido por Luisa González del correísmo con un 32%, perfilándose como favoritos para las elecciones de 2025."
Daniel_Noboa,https://x.com/ElDatoEcua/status/1910565130439479723,@ElDatoEcua,2025-04-11T05:26:38.000Z,"#Urgente DANIEL NOBOA YA DERROTÓ AL CORREÍSMO:

Elecciones 2023 - Presidente 
Consulta Popular. 
67 Asambleístas.
Asambleísta más votada - (Anabella)
Primera vuelta electoral 2025."
Daniel_Noboa,https://x.com/ladataecu/status/1921430375865147848,@ladataecu,2025-05-11T05:01:14.000Z,"#Opinión Daniel Noboa y María José Pinto oficialmente proclamados como Presidente y Vicepresidenta del Ecuador. 

Este 10 de mayo de 2025, el Consejo Nacional Electoral (CNE) proclamó los resultados definitivos de la segunda vuelta de las Elecciones Generales y adjudicó oficialmente las dignidades de Presidente y Vicepresidenta de la República a Daniel Noboa Azin y María José Pinto, respectivamente. Ambos lideran el Movimiento Acción Democrática Nacional (ADN), que obtuvo el respaldo mayoritario del pueblo ecuatoriano.

Con un total de 5’870.618 votos, equivalentes al 55,63%, el binomio presidencial de ADN consolidó una victoria clara y contundente, reflejo del anhelo de cambio, renovación y progreso expresado en las urnas por millones de ciudadanos.

El país se prepara ahora para un nuevo periodo de gobierno 2025-2029, con la entrega de credenciales a las autoridades electas en los próximos días, cumpliendo así con la última fase del proceso electoral. El 24 de mayo, Daniel Noboa asumirá oficialmente sus funciones como Presidente Constitucional de la República del Ecuador.

Esta proclamación no solo ratifica la voluntad popular, sino que representa un paso firme hacia una nueva etapa de gobernabilidad democrática, modernización institucional y desarrollo. El liderazgo joven, firme y visionario de Noboa ha despertado esperanza dentro y fuera del país, especialmente entre los jóvenes, emprendedores y trabajadores que ven en su gestión una oportunidad de transformación real.

El compromiso del nuevo gobierno estará centrado en fortalecer la seguridad, impulsar la educación, dinamizar la economía y promover la unidad nacional. Además, la inclusión de María José Pinto como Vicepresidenta refuerza el enfoque social del nuevo periodo, dando voz a sectores históricamente olvidados.

Ecuador inicia así una nueva página en su historia, con un presidente que ha demostrado cercanía con la gente, capacidad para el diálogo y una clara visión de futuro.
@ladataecu
 

#ladata #TendenciaPolítica #DanielNoboa #MaríaJoséPinto #CNE #ADN #Elecciones2025 #NuevoGobierno"
Daniel_Noboa,https://x.com/teleamazonasec/status/1858859749346844804,@teleamazonasec,2024-11-19T13:03:50.000Z,"#ENTREVISTA | ""El fenómeno del endoso es complejo (...) El votante de Jan Topic va a ser quien decida su voto"", afirma Andrea Yépez, analista política 
ow.ly/BrYI50U9THC"
Daniel_Noboa,https://x.com/EnmanuelRM_/status/1911580637418435048,@EnmanuelRM_,2025-04-14T00:41:54.000Z," Elecciones Presidenciales Ecuador 2025: 2da vuelta

55,95% -  Daniel Noboa

Con el 85% de los votos escrutados y superando todas las encuestadoras, felicito a Daniel Noboa, quien continuará como presidente de Ecuador."
Daniel_Noboa,https://x.com/EcuavisaInforma/status/1914309187493941690,@EcuavisaInforma,2025-04-21T13:24:11.000Z,"#LaNoticiaAFondo  | Desde el retorno a la democracia, esta es la primera vez que un presidente gana en #SegundaVuelta y que tiene una Asamblea a su favor. Daniel Noboa tendrá un contexto favorable para la gobernabilidad.  
bit.ly/4cGQAmQ"
Daniel_Noboa,https://x.com/eluniversocom/status/1871308208377090442,@eluniversocom,2024-12-23T21:33:38.000Z,"#DanielNoboa |  A partir del 5 de enero próximo el país entra a un proceso de campaña electoral para las elecciones generales de febrero de 2025. 
ow.ly/4CVp50UwhhE"
Daniel_Noboa,https://x.com/ElDatoEcua/status/1879550743642005675/photo/1,@ElDatoEcua,2025-01-15T15:26:32.000Z,"#Urgente DANIEL NOBOA LIDERA LA INTENCIÓN DE VOTO EN LAS ELECCIONES 2025 CON EL 36,1%.

Según la encuestadora Comunicaliza, Daniel Noboa tiene el 36,1% de intención de voto; le sigue Luisa González, con 33%; Leonidas Iza, con 2%; y el resto de candidatos no llega ni al 1%."
Daniel_Noboa,https://x.com/Primicias/status/1912629590385635533/photo/1,@Primicias,2025-04-16T22:10:03.000Z,"El 13 de abril de 2025, 1.143 presos votaron para Presidente de la República en Ecuador en la segunda vuelta. El 96,19% de los sufragios fue a favor de Luisa González, candidata de la Revolución Ciudadana. 
prim.ec/v6Fx50VC0VH"
Daniel_Noboa,https://x.com/ElPulsoEc/status/1923829935560405430,@ElPulsoEc,2025-05-17T19:56:14.000Z,"#ElDato  ¡DANIEL NOBOA CONTINÚA DERROTANDO AL CORREÍSMO! 

 Ganó la Presidencia 2023.
 Ganó la Consulta Popular 2024. 
 Ganó la primera vuelta electoral 2025.
 Ganó la mayoría en la Asamblea - elecciones 2025.
 Ganó la asambleísta más votada. (Annabella Azín) 
 Ganó"
Daniel_Noboa,https://x.com/ElDatoEcua/status/1864529151832604768,@ElDatoEcua,2024-12-05T04:36:05.000Z,"#Urgente ¡Daniel Noboa al frente en las encuestas para las elecciones 2025!

Daniel Noboa lidera las encuestas: Con un 34% de intención de voto, el Presidente se perfila como favorito para las elecciones de 2025, según Informe Confidencial. Luisa González, del correísmo, lo sigue de cerca con un 32%."
Daniel_Noboa,https://x.com/revistavistazo/status/1913956441062244441,@revistavistazo,2025-04-20T14:02:29.000Z,"#LoMásLeído |  La vicepresidenta electa, María José Pinto, ha tomado protagonismo con mensajes llamando a la unidad. Antes de dar el pasó a la política era ejecutiva en su compañía familiar, Empresas Pinto. ¿En qué coincide con Daniel Noboa?  
v.vistazo.com/3YymM68"
Daniel_Noboa,https://x.com/eluniversocom/status/1837245114520899948,@eluniversocom,2024-09-20T21:39:04.000Z,"#DanielNoboa | De aprobarse, esta reforma constitucional no aplicará en las próximas elecciones generales de 2025. 
ow.ly/3clz50TsauE"
Daniel_Noboa,https://x.com/RadioMorena640/status/1911958287932674506,@RadioMorena640,2025-04-15T01:42:32.000Z,"Nicolás Maduro denuncia ""fraude horroroso"" tras la victoria de Daniel Noboa en las elecciones 2025 Ecuador. Maduro expresó: ""Pretende imponer por la fuerza una hegemonía política"".

#ecuador #presidentenoboa #maduro #triunfo"
Daniel_Noboa,https://x.com/revistavistazo/status/1913956441062244441,@revistavistazo,2025-04-20T14:02:29.000Z,"#LoMásLeído |  La vicepresidenta electa, María José Pinto, ha tomado protagonismo con mensajes llamando a la unidad. Antes de dar el pasó a la política era ejecutiva en su compañía familiar, Empresas Pinto. ¿En qué coincide con Daniel Noboa?  
v.vistazo.com/3YymM68"
Daniel_Noboa,https://x.com/teleamazonasec/status/1888583926769225913,@teleamazonasec,2025-02-09T13:41:10.000Z,"#Opción2025 | #Elecciones2025Ec  El presidente candidato, Daniel Noboa, votó en la comuna Olón en la provincia de Santa Elena 
ow.ly/WACP50UWlLC"
Daniel_Noboa,https://x.com/elcomerciocom/status/1911598921958273194,@elcomerciocom,2025-04-14T01:54:33.000Z," ""Ecuador eligió un camino diferente, no quiere regresar al pasado"". Primeras declaraciones de Daniel Noboa como Presidente reelecto del Ecuador 
f.mtr.cool/myiybdfxds"
Daniel_Noboa,https://x.com/teleamazonasec/status/1888831514009551133,@teleamazonasec,2025-02-10T06:05:00.000Z,"#ATENCIÓN | Resultados oficiales de las #Elecciones2025Ec   del domingo 9 de febrero de 2025 en Ecuador. Escrutinio de Daniel Noboa y de Luisa González por provincias 
ow.ly/PUbL50UWugi"
Daniel_Noboa,https://x.com/teleamazonasec/status/1889320548460806177,@teleamazonasec,2025-02-11T14:28:15.000Z,"#ATENCIÓN | ""Había cosas que no cuadraban, incluso con el conteo rápido de la OEA"". El presidente candidato Daniel Noboa -en entrevista- reacciona a los resultados de las Elecciones 2025 
ow.ly/BPKB50UXH3K"
Daniel_Noboa,https://x.com/elcomerciocom/status/1839872305083642107,@elcomerciocom,2024-09-28T03:38:35.000Z,"#ADN confirma a Daniel Noboa y María José Pinto como los candidatos a Presidente y Vicepresidenta de la República para las #elecciones2025 
i.mtr.cool/dcuyovkbnc"
Daniel_Noboa,https://x.com/ladataecu/status/1925526386577412186,@ladataecu,2025-05-22T12:17:19.000Z,"#Editorial Noboa le devuelve la confianza al país y el riesgo país cae más de 800 puntos tras su reelección. 

El riesgo país de Ecuador ha tenido una caída histórica tras la victoria de Daniel Noboa en las elecciones del pasado 13 de abril de 2025. Según cifras oficiales del Banco Central del Ecuador, ese día el indicador se ubicaba en 1.844 puntos, mientras que al corte del martes 20 de mayo marcó 995 puntos, una reducción de 849 unidades que marca un hito económico en el país.

A tan solo poco tiempo de su posesión presidencial, esta reducción representa una muestra clara de confianza por parte de los mercados internacionales en la continuidad del proyecto liderado por Noboa. El temor al retorno del correísmo había disparado el riesgo país durante la campaña; sin embargo, la contundente victoria de Noboa no solo frenó esa tendencia, sino que la revirtió con fuerza.

La comunidad internacional, los organismos multilaterales y los inversionistas han reaccionado de forma positiva, especialmente luego de la gira internacional del presidente electo, donde se consolidaron nuevas alianzas y se reafirmaron compromisos con la estabilidad económica y la lucha contra el crimen organizado.

La caída del riesgo país no es solo una cifra. Implica tasas de interés más bajas, mayor acceso a financiamiento internacional, nuevas oportunidades de inversión extranjera directa, y un ambiente de confianza para los sectores productivos. Este nuevo escenario permitirá al Gobierno seguir empujando reformas económicas estructurales con mayor respaldo y efectividad.

Mientras Daniel Noboa afianza un liderazgo moderno y firme, el mundo observa que Ecuador ya no es un país rehén de la inestabilidad, sino un socio serio que apuesta por el desarrollo. La baja del riesgo país es solo el primer paso de un nuevo ciclo de recuperación, inversión y crecimiento. La economía comienza a respirar, y las oportunidades vuelven a ponerse sobre la mesa.
@LaDataEc
 

#ladata #TendenciaPolítica #DanielNoboa #RiesgoPaís #Confianza #Internacional #Elecciones2025"
Daniel_Noboa,https://x.com/Expresoec/status/1874539709151801792,@Expresoec,2025-01-01T19:34:28.000Z,"La decisión está tomada. Ni el presidente Daniel Noboa ni sus asambleístas candidatos pedirán licencia sin sueldo para las elecciones de 2025 y tampoco participarán de la campaña electoral.

Aquí los detalles  
bit.ly/40fGrJp"
Daniel_Noboa,https://x.com/teleamazonasec/status/1911609194609860724/photo/1,@teleamazonasec,2025-04-14T02:35:22.000Z,"#EleccionesEcuador2025 | ""Me parece penoso"" que no acepten los resultados. Primeras declaraciones del presidente electo Daniel Noboa tras las elecciones en Ecuador 
ow.ly/SjM250VzIog"
Daniel_Noboa,https://x.com/teleamazonasec/status/1911609194609860724,@teleamazonasec,2025-04-14T02:35:22.000Z,"#EleccionesEcuador2025 | ""Me parece penoso"" que no acepten los resultados. Primeras declaraciones del presidente electo Daniel Noboa tras las elecciones en Ecuador 
ow.ly/SjM250VzIog"
Daniel_Noboa,https://x.com/tctelevision/status/1828085194345099751,@tctelevision,2024-08-26T15:00:49.000Z,"El Presidente Daniel Noboa se mantiene como el candidato de mayor aceptación para los comicios del 2025. Según una última encuesta de Infinity Estrategas, Noboa continúa liderando la intención de voto frente a los demás candidatos presidenciales, lo que demuestra la confianza del electorado. 

Más detalles aquí 
bit.ly/4fZXKnC"
Daniel_Noboa,https://x.com/elcomerciocom/status/1839872305083642107,@elcomerciocom,2024-09-28T03:38:35.000Z,"#ADN confirma a Daniel Noboa y María José Pinto como los candidatos a Presidente y Vicepresidenta de la República para las #elecciones2025 
i.mtr.cool/dcuyovkbnc"
Daniel_Noboa,https://x.com/ElPulsoEc/status/1879553295959884222,@ElPulsoEc,2025-01-15T15:36:40.000Z," DANIEL NOBOA LIDERA LA INTENCIÓN DE VOTO EN LAS ELECCIONES 2025 CON EL 36,1%.

Según la encuestadora Comunicaliza, Daniel Noboa tiene el 36,1% de intención de voto; le sigue Luisa González, con 33%; Leonidas Iza, con 2%; y el resto de candidatos no llega ni al 1%."
Daniel_Noboa,https://x.com/eluniversocom/status/1837245114520899948/photo/1,@eluniversocom,2024-09-20T21:39:04.000Z,"#DanielNoboa | De aprobarse, esta reforma constitucional no aplicará en las próximas elecciones generales de 2025. 
ow.ly/3clz50TsauE"
Daniel_Noboa,https://x.com/radioamericahn/status/1926359973560275376/photo/1,@radioamericahn,2025-05-24T19:29:42.000Z,"El presidente de Ecuador, Daniel Noboa, juró este sábado el cargo para gobernar durante el periodo 2025-2029 para el que fue reelegido en las últimas elecciones y, en su discurso, anticipó que profundizará las líneas maestras de su corto mandato anterior de año y medio: ""guerra"" al crimen organizado, apertura comercial, inversiones y transformación del sector energético.

#AméricaNoticias #LATAM #RadioAmérica
radioamerica.hn/noboa-inaugura
…"
Daniel_Noboa,https://x.com/ElPulsoEc/status/1923839018065854861/photo/1,@ElPulsoEc,2025-05-17T20:32:19.000Z,"#ElDato  ¡DANIEL NOBOA SIGUE DERROTANDO AL CORREÍSMO! 

 Ganó la Presidencia 2023.
 Ganó la Consulta Popular 2024. 
 Ganó la primera vuelta electoral 2025.
 Ganó la mayoría en la Asamblea - elecciones 2025.
 Ganó la asambleísta más votada. (Annabella Azín) 
 Ganó la"
Daniel_Noboa,https://x.com/TiempoRealEC/status/1980623415779131801/photo/1,@TiempoRealEC,2025-10-21T13:13:15.000Z,".#ATENCIÓN || “HACIENDO CAMPAÑA POR EL SÍ PARA QUE LA TINTA SE PASE AL NO”

 El presidente Daniel Noboa 
@DanielNoboaOk
 reaccionó a las acusaciones de la Revolución Ciudadana (RC), que aseguran que en las elecciones presidenciales de 2025 se usaron “esferos de tinta mágica” para alterar los votos entre candidatos.

 El Presidente Noboa ironiza señalando:
“Correa y Luisa haciendo campaña por el SÍ, para que por la tinta se traspase al NO.”

 El tuit de Noboa surgió tras la entrevista que Luisa González realizó a Rafael Correa en el programa “Conversando con Correa”, donde hablaron de la próxima Consulta Popular y Referendo, en el que no podrán participar.

 El CNE los dejó fuera de la campaña por el NO en la consulta popular, argumentando que Luisa González no presentó la documentación completa para la inscripción oficial.

 #TiempoRealEc #VivimosHistorias"
Daniel_Noboa,https://x.com/ElDatoIntern/status/1915069873207611813,@ElDatoIntern,2025-04-23T15:46:52.000Z,"#Ecuador | !PAÍSES QUE RECONOCEN A DANIEL NOBOA COMO PRESIDENTE!

Los ecuatorianos no comen cuento eso nos quedó claro en las elecciones del 2025.

#ElDatoInternacional #Ecuador #DanielNoboa"
Daniel_Noboa,https://x.com/eluniversocom/status/1915545055852474496/photo/1,@eluniversocom,2025-04-24T23:15:05.000Z,"#CNE | La alianza correísta denuncia que en las elecciones pasadas hubo 'transferencia de tinta' que le quitó votos a Luisa González con informe de la OEA. 
ow.ly/1ucP50VHsYY"
Daniel_Noboa,https://x.com/elcomerciocom/status/1903998436271181921,@elcomerciocom,2025-03-24T02:32:56.000Z," ¿Emergencia en salud o mafias en hospitales? Así fue el cruce entre Luisa González y Daniel Noboa:
f.mtr.cool/npfscmbtyu"
Daniel_Noboa,https://x.com/revistavistazo/status/1913029153911157241/photo/1,@revistavistazo,2025-04-18T00:37:47.000Z,"En sintonía con la OEA y la Unión Europea, el presidente de Rusia, Vladimir Putin, felicitó este jueves a Daniel Noboa por su victoria en la segunda vuelta de las elecciones presidenciales de Ecuador. Esto es lo que declaró  
v.vistazo.com/42A9kQj"
Daniel_Noboa,https://x.com/pelwchi/status/1914775075649356208,@pelwchi,2025-04-22T20:15:27.000Z,"Ecuador muestra su democracia y la negativa de votar por gobiernos dictatoriales.

Daniel Noboa gana las elecciones de Ecuador 2025.

Y la Presirvienta con ""a"" de México no reconoce el triunfo porque su amiguita zurda Luisa González no acepta el resultado."
Daniel_Noboa,https://x.com/teleamazonasec/status/1881320904313241996,@teleamazonasec,2025-01-20T12:40:31.000Z,"#ENTREVISTA | ""Podríamos hacer un debate entre los dos antes de la primera vuelta. Yo desafío a (Daniel Noboa)"", dice Luisa González, candidata presidencial por Revolución Ciudadana 
ow.ly/QZsQ50UJpSY"
Daniel_Noboa,https://x.com/eluniversocom/status/1913635699552661588/photo/1,@eluniversocom,2025-04-19T16:47:59.000Z,"#DanielNoboa | El Consejo Nacional Electoral instalará audiencia para conocer resultados preliminares, que muestran que Daniel Noboa subió una décima en las últimas horas. 
ow.ly/jrWc50VEm7S"
Daniel_Noboa,https://x.com/elcomerciocom/status/1839872305083642107/photo/1,@elcomerciocom,2024-09-28T03:38:35.000Z,"#ADN confirma a Daniel Noboa y María José Pinto como los candidatos a Presidente y Vicepresidenta de la República para las #elecciones2025 
i.mtr.cool/dcuyovkbnc"
Daniel_Noboa,https://x.com/teleamazonasec/status/1869450235891822621,@teleamazonasec,2024-12-18T18:30:43.000Z,"#24Horas | La disputa por la Presidencia de Ecuador en las elecciones de 2025 se concentra entre Daniel Noboa y Luisa González, según una encuesta de Comunicaliza. 

Vía: 
@bernardacevaTA"
Daniel_Noboa,https://x.com/ElDatoEcua/status/1910565130439479723,@ElDatoEcua,2025-04-11T05:26:38.000Z,"#Urgente DANIEL NOBOA YA DERROTÓ AL CORREÍSMO:

Elecciones 2023 - Presidente 
Consulta Popular. 
67 Asambleístas.
Asambleísta más votada - (Anabella)
Primera vuelta electoral 2025."
Daniel_Noboa,https://x.com/EcuavisaInforma/status/1911578940700848378/photo/1,@EcuavisaInforma,2025-04-14T00:35:09.000Z,"#Elecciones2025  | Con corte a las 19:30 y con el 82,58 % de actas válidas a escala nacional, Daniel Noboa tiene 55,95 % y Luisa González 44,05 %. 

Sigue el minuto a minuto  
bit.ly/3EItkYI"
Daniel_Noboa,https://x.com/EFEnoticias/status/1969502940256706940/photo/1,@EFEnoticias,2025-09-20T20:44:27.000Z,"El presidente de Ecuador, Daniel Noboa, convoca nuevamente a un referéndum para que los ecuatorianos se pronuncien sobre la instauración de una Asamblea Constituyente que redacte una nueva carta magna.
efe.com/mundo/2025-09-
…"
Daniel_Noboa,https://x.com/eluniversocom/status/1914300217249181972,@eluniversocom,2025-04-21T12:48:32.000Z,"#MineríaEcuador | María Eulalia Silva, presidenta de la Cámara de Minería del Ecuador, estimó que las exportaciones mineras en 2025 bordearán los $ 3.500 millones.
ow.ly/y0lI50VEGSH"
Daniel_Noboa,https://x.com/pelwchi/status/1914775075649356208,@pelwchi,2025-04-22T20:15:27.000Z,"Ecuador muestra su democracia y la negativa de votar por gobiernos dictatoriales.

Daniel Noboa gana las elecciones de Ecuador 2025.

Y la Presirvienta con ""a"" de México no reconoce el triunfo porque su amiguita zurda Luisa González no acepta el resultado."
Daniel_Noboa,https://x.com/RadioMorena640/status/1911958287932674506,@RadioMorena640,2025-04-15T01:42:32.000Z,"Nicolás Maduro denuncia ""fraude horroroso"" tras la victoria de Daniel Noboa en las elecciones 2025 Ecuador. Maduro expresó: ""Pretende imponer por la fuerza una hegemonía política"".

#ecuador #presidentenoboa #maduro #triunfo"
Daniel_Noboa,https://x.com/eluniversocom/status/1871308208377090442,@eluniversocom,2024-12-23T21:33:38.000Z,"#DanielNoboa |  A partir del 5 de enero próximo el país entra a un proceso de campaña electoral para las elecciones generales de febrero de 2025. 
ow.ly/4CVp50UwhhE"
Daniel_Noboa,https://x.com/teleamazonasec/status/1912241147763712046,@teleamazonasec,2025-04-15T20:26:32.000Z,"#ATENCIÓN | ¿Qué dice el Plan de Trabajo del presidente electo Daniel Noboa? Sus principales propuestas  
ow.ly/PpfR50VBcjY"
Daniel_Noboa,https://x.com/ElPortalEcu/status/1864026552045801812,@ElPortalEcu,2024-12-03T19:18:56.000Z," Según Informe Confidencial, Daniel Noboa lidera las encuestas con un 34% de intención de voto, seguido por Luisa González del correísmo con un 32%, perfilándose como favoritos para las elecciones de 2025."
Daniel_Noboa,https://x.com/Expresoec/status/1874539709151801792,@Expresoec,2025-01-01T19:34:28.000Z,"La decisión está tomada. Ni el presidente Daniel Noboa ni sus asambleístas candidatos pedirán licencia sin sueldo para las elecciones de 2025 y tampoco participarán de la campaña electoral.

Aquí los detalles  
bit.ly/40fGrJp"
Daniel_Noboa,https://x.com/eluniversocom/status/1913635699552661588,@eluniversocom,2025-04-19T16:47:59.000Z,"#DanielNoboa | El Consejo Nacional Electoral instalará audiencia para conocer resultados preliminares, que muestran que Daniel Noboa subió una décima en las últimas horas. 
ow.ly/jrWc50VEm7S"
Daniel_Noboa,https://x.com/eluniversocom/status/1913635699552661588,@eluniversocom,2025-04-19T16:47:59.000Z,"#DanielNoboa | El Consejo Nacional Electoral instalará audiencia para conocer resultados preliminares, que muestran que Daniel Noboa subió una décima en las últimas horas. 
ow.ly/jrWc50VEm7S"
Daniel_Noboa,https://x.com/teleamazonasec/status/1891831725807821114,@teleamazonasec,2025-02-18T12:37:30.000Z,"#ENTREVISTA | ""La expectativa era mayor. No estaba basada en un triunfalismo sino en informaciones confiables"", afirma Roberto Izurieta, exsecretario de Comunicación de la Presidencia 
ow.ly/o51S50V1TMX"
Daniel_Noboa,https://x.com/ElDatoEcua/status/1879550743642005675,@ElDatoEcua,2025-01-15T15:26:32.000Z,"#Urgente DANIEL NOBOA LIDERA LA INTENCIÓN DE VOTO EN LAS ELECCIONES 2025 CON EL 36,1%.

Según la encuestadora Comunicaliza, Daniel Noboa tiene el 36,1% de intención de voto; le sigue Luisa González, con 33%; Leonidas Iza, con 2%; y el resto de candidatos no llega ni al 1%."
Daniel_Noboa,https://x.com/ladataecu/status/1921430375865147848/photo/1,@ladataecu,2025-05-11T05:01:14.000Z,"#Opinión Daniel Noboa y María José Pinto oficialmente proclamados como Presidente y Vicepresidenta del Ecuador. 

Este 10 de mayo de 2025, el Consejo Nacional Electoral (CNE) proclamó los resultados definitivos de la segunda vuelta de las Elecciones Generales y adjudicó oficialmente las dignidades de Presidente y Vicepresidenta de la República a Daniel Noboa Azin y María José Pinto, respectivamente. Ambos lideran el Movimiento Acción Democrática Nacional (ADN), que obtuvo el respaldo mayoritario del pueblo ecuatoriano.

Con un total de 5’870.618 votos, equivalentes al 55,63%, el binomio presidencial de ADN consolidó una victoria clara y contundente, reflejo del anhelo de cambio, renovación y progreso expresado en las urnas por millones de ciudadanos.

El país se prepara ahora para un nuevo periodo de gobierno 2025-2029, con la entrega de credenciales a las autoridades electas en los próximos días, cumpliendo así con la última fase del proceso electoral. El 24 de mayo, Daniel Noboa asumirá oficialmente sus funciones como Presidente Constitucional de la República del Ecuador.

Esta proclamación no solo ratifica la voluntad popular, sino que representa un paso firme hacia una nueva etapa de gobernabilidad democrática, modernización institucional y desarrollo. El liderazgo joven, firme y visionario de Noboa ha despertado esperanza dentro y fuera del país, especialmente entre los jóvenes, emprendedores y trabajadores que ven en su gestión una oportunidad de transformación real.

El compromiso del nuevo gobierno estará centrado en fortalecer la seguridad, impulsar la educación, dinamizar la economía y promover la unidad nacional. Además, la inclusión de María José Pinto como Vicepresidenta refuerza el enfoque social del nuevo periodo, dando voz a sectores históricamente olvidados.

Ecuador inicia así una nueva página en su historia, con un presidente que ha demostrado cercanía con la gente, capacidad para el diálogo y una clara visión de futuro.
@ladataecu
 

#ladata #TendenciaPolítica #DanielNoboa #MaríaJoséPinto #CNE #ADN #Elecciones2025 #NuevoGobierno"
Daniel_Noboa,https://x.com/ElPortalEcu/status/1874279685963866465,@ElPortalEcu,2025-01-01T02:21:14.000Z," Según la encuestadora Comunicaliza el presidente Daniel Noboa lidera la intención de voto para las elecciones 2025:

Daniel Noboa 32,9%
 Luisa González 29,3%"
Daniel_Noboa,https://x.com/Expresoec/status/1874539709151801792/photo/1,@Expresoec,2025-01-01T19:34:28.000Z,"La decisión está tomada. Ni el presidente Daniel Noboa ni sus asambleístas candidatos pedirán licencia sin sueldo para las elecciones de 2025 y tampoco participarán de la campaña electoral.

Aquí los detalles  
bit.ly/40fGrJp"
Daniel_Noboa,https://x.com/eluniversocom/status/1837245114520899948,@eluniversocom,2024-09-20T21:39:04.000Z,"#DanielNoboa | De aprobarse, esta reforma constitucional no aplicará en las próximas elecciones generales de 2025. 
ow.ly/3clz50TsauE"
Daniel_Noboa,https://x.com/teleamazonasec/status/1888831514009551133,@teleamazonasec,2025-02-10T06:05:00.000Z,"#ATENCIÓN | Resultados oficiales de las #Elecciones2025Ec   del domingo 9 de febrero de 2025 en Ecuador. Escrutinio de Daniel Noboa y de Luisa González por provincias 
ow.ly/PUbL50UWugi"
Daniel_Noboa,https://x.com/eluniversocom/status/1914042691073069397,@eluniversocom,2025-04-20T19:45:13.000Z,"#LuisaGonzález | Una vez que el CNE proclame resultados numéricos se abrirá el calendario para presentar objeciones y recursos legales ante los jueces electorales. 
ow.ly/uGVe50VEuqj"
Daniel_Noboa,https://x.com/revistavistazo/status/1875999192705097981,@revistavistazo,2025-01-05T20:13:56.000Z,"#ÚltimaHora | El presidente de la República, Daniel #Noboa, realizó su primera aparición pública de 2025 para referirse a las elecciones en las que se participa como candidato a la Presidencia. Así se pronunció: 
v.vistazo.com/4a5qhFI"
Daniel_Noboa,https://x.com/EcuavisaInforma/status/1911615127708709066,@EcuavisaInforma,2025-04-14T02:58:57.000Z,"#Elecciones2025 | Daniel Noboa dio más declaraciones tras conocer que ganó los comicios. Esta vez fue abordado por la prensa y se refirió a la postura de Luisa González, quien dijo que no reconocerá los resultados  
bit.ly/4ifiyau"
Daniel_Noboa,https://x.com/EFEnoticias/status/1969502940256706940,@EFEnoticias,2025-09-20T20:44:27.000Z,"El presidente de Ecuador, Daniel Noboa, convoca nuevamente a un referéndum para que los ecuatorianos se pronuncien sobre la instauración de una Asamblea Constituyente que redacte una nueva carta magna.
efe.com/mundo/2025-09-
…"
Daniel_Noboa,https://x.com/radioamericahn/status/1926359973560275376,@radioamericahn,2025-05-24T19:29:42.000Z,"El presidente de Ecuador, Daniel Noboa, juró este sábado el cargo para gobernar durante el periodo 2025-2029 para el que fue reelegido en las últimas elecciones y, en su discurso, anticipó que profundizará las líneas maestras de su corto mandato anterior de año y medio: ""guerra"" al crimen organizado, apertura comercial, inversiones y transformación del sector energético.

#AméricaNoticias #LATAM #RadioAmérica
radioamerica.hn/noboa-inaugura
…"
Daniel_Noboa,https://x.com/teleamazonasec/status/1815728892549669068,@teleamazonasec,2024-07-23T12:41:17.000Z,"#ENTREVISTA | ""El presidente Daniel Noboa tiene el derecho de participar en las elecciones. Tiene dos desafíos para reelegirse"", dice Otto Sonnenholzner, excandidato presidencial 
ow.ly/4v5e50SI5wR"
Daniel_Noboa,https://x.com/elcomerciocom/status/1903998436271181921/photo/1,@elcomerciocom,2025-03-24T02:32:56.000Z," ¿Emergencia en salud o mafias en hospitales? Así fue el cruce entre Luisa González y Daniel Noboa:
f.mtr.cool/npfscmbtyu"
Daniel_Noboa,https://x.com/eluniversocom/status/1915545055852474496,@eluniversocom,2025-04-24T23:15:05.000Z,"#CNE | La alianza correísta denuncia que en las elecciones pasadas hubo 'transferencia de tinta' que le quitó votos a Luisa González con informe de la OEA. 
ow.ly/1ucP50VHsYY"
Daniel_Noboa,https://x.com/revistavistazo/status/1925632893449080900,@revistavistazo,2025-05-22T19:20:32.000Z,"#PosesiónDanielNoboa | El presidente de Colombia, Gustavo #Petro, asistirá a la ceremonia de investidura de Noboa, pese a que en un principio no reconoció su triunfo en las elecciones de abril  
v.vistazo.com/45k4REr"
Daniel_Noboa,https://x.com/ElPulsoEc/status/1923829935560405430/photo/1,@ElPulsoEc,2025-05-17T19:56:14.000Z,"#ElDato  ¡DANIEL NOBOA CONTINÚA DERROTANDO AL CORREÍSMO! 

 Ganó la Presidencia 2023.
 Ganó la Consulta Popular 2024. 
 Ganó la primera vuelta electoral 2025.
 Ganó la mayoría en la Asamblea - elecciones 2025.
 Ganó la asambleísta más votada. (Annabella Azín) 
 Ganó"
Daniel_Noboa,https://x.com/ladataecu/status/1925526386577412186/photo/1,@ladataecu,2025-05-22T12:17:19.000Z,"#Editorial Noboa le devuelve la confianza al país y el riesgo país cae más de 800 puntos tras su reelección. 

El riesgo país de Ecuador ha tenido una caída histórica tras la victoria de Daniel Noboa en las elecciones del pasado 13 de abril de 2025. Según cifras oficiales del Banco Central del Ecuador, ese día el indicador se ubicaba en 1.844 puntos, mientras que al corte del martes 20 de mayo marcó 995 puntos, una reducción de 849 unidades que marca un hito económico en el país.

A tan solo poco tiempo de su posesión presidencial, esta reducción representa una muestra clara de confianza por parte de los mercados internacionales en la continuidad del proyecto liderado por Noboa. El temor al retorno del correísmo había disparado el riesgo país durante la campaña; sin embargo, la contundente victoria de Noboa no solo frenó esa tendencia, sino que la revirtió con fuerza.

La comunidad internacional, los organismos multilaterales y los inversionistas han reaccionado de forma positiva, especialmente luego de la gira internacional del presidente electo, donde se consolidaron nuevas alianzas y se reafirmaron compromisos con la estabilidad económica y la lucha contra el crimen organizado.

La caída del riesgo país no es solo una cifra. Implica tasas de interés más bajas, mayor acceso a financiamiento internacional, nuevas oportunidades de inversión extranjera directa, y un ambiente de confianza para los sectores productivos. Este nuevo escenario permitirá al Gobierno seguir empujando reformas económicas estructurales con mayor respaldo y efectividad.

Mientras Daniel Noboa afianza un liderazgo moderno y firme, el mundo observa que Ecuador ya no es un país rehén de la inestabilidad, sino un socio serio que apuesta por el desarrollo. La baja del riesgo país es solo el primer paso de un nuevo ciclo de recuperación, inversión y crecimiento. La economía comienza a respirar, y las oportunidades vuelven a ponerse sobre la mesa.
@LaDataEc
 

#ladata #TendenciaPolítica #DanielNoboa #RiesgoPaís #Confianza #Internacional #Elecciones2025"
Daniel_Noboa,https://x.com/eluniversocom/status/1914042691073069397,@eluniversocom,2025-04-20T19:45:13.000Z,"#LuisaGonzález | Una vez que el CNE proclame resultados numéricos se abrirá el calendario para presentar objeciones y recursos legales ante los jueces electorales. 
ow.ly/uGVe50VEuqj"
Daniel_Noboa,https://x.com/kchradio/status/1912142796791628244,@kchradio,2025-04-15T13:55:43.000Z,"CÁMARA DE MINERÍA FELICITA AL PRESIDENTE DANIEL NOBOA POR SU TRIUNFO EN LAS ELECCIONES 2025 
@mariaeulalias
, presidenta Ejecutiva de la Cámara de
@mineriaecuador
, se refirió al triunfo de Daniel Noboa y María José Pinto en las elecciones que se desarrollaron el domingo 13 de abril en Ecuador."
Daniel_Noboa,https://x.com/elcomerciocom/status/1903989564361891911,@elcomerciocom,2025-03-24T01:57:41.000Z," En el primer eje del debate presidencial, Daniel Noboa y Luisa González se enfrentaron con propuestas sobre un tema urgente: la educación: 
f.mtr.cool/uiwdztqpui"
Daniel_Noboa,https://x.com/ElPortalEcu/status/1874279685963866465/photo/1,@ElPortalEcu,2025-01-01T02:21:14.000Z," Según la encuestadora Comunicaliza el presidente Daniel Noboa lidera la intención de voto para las elecciones 2025:

Daniel Noboa 32,9%
 Luisa González 29,3%"
Daniel_Noboa,https://x.com/revistavistazo/status/1875999192705097981,@revistavistazo,2025-01-05T20:13:56.000Z,"#ÚltimaHora | El presidente de la República, Daniel #Noboa, realizó su primera aparición pública de 2025 para referirse a las elecciones en las que se participa como candidato a la Presidencia. Así se pronunció: 
v.vistazo.com/4a5qhFI"
Daniel_Noboa,https://x.com/ElPortalEcu/status/1864026552045801812/photo/1,@ElPortalEcu,2024-12-03T19:18:56.000Z," Según Informe Confidencial, Daniel Noboa lidera las encuestas con un 34% de intención de voto, seguido por Luisa González del correísmo con un 32%, perfilándose como favoritos para las elecciones de 2025."
Daniel_Noboa,https://x.com/kchradio/status/1912142796791628244/photo/1,@kchradio,2025-04-15T13:55:43.000Z,"CÁMARA DE MINERÍA FELICITA AL PRESIDENTE DANIEL NOBOA POR SU TRIUNFO EN LAS ELECCIONES 2025 
@mariaeulalias
, presidenta Ejecutiva de la Cámara de
@mineriaecuador
, se refirió al triunfo de Daniel Noboa y María José Pinto en las elecciones que se desarrollaron el domingo 13 de abril en Ecuador."
Daniel_Noboa,https://x.com/EcuavisaInforma/status/1917192140620468435/photo/1,@EcuavisaInforma,2025-04-29T12:20:00.000Z,"#LaNoticiaAFondo  | En las #Elecciones2025, el candidato-presidente Daniel Noboa logró el triunfo en aquellos cantones con mayor índice de vejez.  Noboa ganó en tres cantones de Loja; donde la población mayor a 65 años representa el 11, 9 %  
bit.ly/44gii7Y"
Daniel_Noboa,https://x.com/teleamazonasec/status/1912241147763712046/photo/1,@teleamazonasec,2025-04-15T20:26:32.000Z,"#ATENCIÓN | ¿Qué dice el Plan de Trabajo del presidente electo Daniel Noboa? Sus principales propuestas  
ow.ly/PpfR50VBcjY"
Daniel_Noboa,https://x.com/tctelevision/status/1828085194345099751,@tctelevision,2024-08-26T15:00:49.000Z,"El Presidente Daniel Noboa se mantiene como el candidato de mayor aceptación para los comicios del 2025. Según una última encuesta de Infinity Estrategas, Noboa continúa liderando la intención de voto frente a los demás candidatos presidenciales, lo que demuestra la confianza del electorado. 

Más detalles aquí 
bit.ly/4fZXKnC"
Daniel_Noboa,https://x.com/notimundoec/status/1923027979501748233,@notimundoec,2025-05-15T14:49:33.000Z," #AHORA | ""Hemos derrumbado obstáculos que parecían difíciles de superar"", resalta Daniel Noboa, al recibir las credenciales de presidente de la República para el período 2025 - 2029. "
Daniel_Noboa,https://x.com/Primicias/status/1912629590385635533,@Primicias,2025-04-16T22:10:03.000Z,"El 13 de abril de 2025, 1.143 presos votaron para Presidente de la República en Ecuador en la segunda vuelta. El 96,19% de los sufragios fue a favor de Luisa González, candidata de la Revolución Ciudadana. 
prim.ec/v6Fx50VC0VH"
Daniel_Noboa,https://x.com/teleamazonasec/status/1910335556027818417,@teleamazonasec,2025-04-10T14:14:23.000Z,"#ENTREVISTAS | ""Falta madurez en la clase política de Ecuador "". Carlos Aguinaga, expresidente del Tribunal Supremo Electoral (TSE), habla del balotaje entre Daniel Noboa y Luisa González. 
ow.ly/ULlC50VybZh"
Daniel_Noboa,https://x.com/teleamazonasec/status/1881320904313241996,@teleamazonasec,2025-01-20T12:40:31.000Z,"#ENTREVISTA | ""Podríamos hacer un debate entre los dos antes de la primera vuelta. Yo desafío a (Daniel Noboa)"", dice Luisa González, candidata presidencial por Revolución Ciudadana 
ow.ly/QZsQ50UJpSY"
Daniel_Noboa,https://x.com/CruzaElDato/status/1911901999525966192,@CruzaElDato,2025-04-14T21:58:52.000Z," | “¡No los defraudará!” Donald Trump felicita a Daniel Noboa tras su reelección en Ecuador. 

El presidente de Estados Unidos, Donald Trump, celebró la reelección de Daniel Noboa en las elecciones presidenciales de Ecuador 2025 con un mensaje directo y entusiasta:

“Felicitaciones a Daniel Noboa, quien será un gran líder para el maravilloso pueblo de Ecuador. ¡No los defraudará!”

#LaElección2025 | La felicitación fue publicada en su red social, Truth Social, después de que Noboa se impusiera por amplia diferencia frente a la candidata del correísmo.

#CruzaElDato #Noboa2025 #ADN #Elecciones2025 #EleccionesEcuador2025 #Elecciones2025Ecuador #Ecuador #EcuadorDecide2025 #EcuadorDecide #Noboa #Luisa #NoboaPresidente  #URGENTE #AHORA #CNE #NoboaPresidente2025 
@DanielNoboaOk
 @realDonaldTrump
 @Adnecuadorok
 @mjpintoec"
Daniel_Noboa,https://x.com/CruzaElDato/status/1911901999525966192/photo/1,@CruzaElDato,2025-04-14T21:58:52.000Z," | “¡No los defraudará!” Donald Trump felicita a Daniel Noboa tras su reelección en Ecuador. 

El presidente de Estados Unidos, Donald Trump, celebró la reelección de Daniel Noboa en las elecciones presidenciales de Ecuador 2025 con un mensaje directo y entusiasta:

“Felicitaciones a Daniel Noboa, quien será un gran líder para el maravilloso pueblo de Ecuador. ¡No los defraudará!”

#LaElección2025 | La felicitación fue publicada en su red social, Truth Social, después de que Noboa se impusiera por amplia diferencia frente a la candidata del correísmo.

#CruzaElDato #Noboa2025 #ADN #Elecciones2025 #EleccionesEcuador2025 #Elecciones2025Ecuador #Ecuador #EcuadorDecide2025 #EcuadorDecide #Noboa #Luisa #NoboaPresidente  #URGENTE #AHORA #CNE #NoboaPresidente2025 
@DanielNoboaOk
 @realDonaldTrump
 @Adnecuadorok
 @mjpintoec"
Daniel_Noboa,https://x.com/ElDatoEcua/status/1917352579840823605,@ElDatoEcua,2025-04-29T22:57:32.000Z,"#Urgente ¡DANIEL NOBOA GANÓ EN LOS CANTONES CON MÁS POBLACIÓN ADULTA MAYOR!

En las Elecciones 2025, Daniel Noboa ganó en cantones con alta población adulta mayor, incluyendo tres de Loja, donde los mayores de 65 años representan el 11,9 %.
@ElDatoEcua
#ElDato #Ecuador #DanielNoboa #Elecciones2025"
Daniel_Noboa,https://x.com/eluniversocom/status/1915545055852474496,@eluniversocom,2025-04-24T23:15:05.000Z,"#CNE | La alianza correísta denuncia que en las elecciones pasadas hubo 'transferencia de tinta' que le quitó votos a Luisa González con informe de la OEA. 
ow.ly/1ucP50VHsYY"
Daniel_Noboa,https://x.com/elcomerciocom/status/1911598921958273194,@elcomerciocom,2025-04-14T01:54:33.000Z," ""Ecuador eligió un camino diferente, no quiere regresar al pasado"". Primeras declaraciones de Daniel Noboa como Presidente reelecto del Ecuador 
f.mtr.cool/myiybdfxds"
Daniel_Noboa,https://x.com/teleamazonasec/status/1911609194609860724,@teleamazonasec,2025-04-14T02:35:22.000Z,"#EleccionesEcuador2025 | ""Me parece penoso"" que no acepten los resultados. Primeras declaraciones del presidente electo Daniel Noboa tras las elecciones en Ecuador 
ow.ly/SjM250VzIog"
Daniel_Noboa,https://x.com/revistavistazo/status/1875999192705097981/photo/1,@revistavistazo,2025-01-05T20:13:56.000Z,"#ÚltimaHora | El presidente de la República, Daniel #Noboa, realizó su primera aparición pública de 2025 para referirse a las elecciones en las que se participa como candidato a la Presidencia. Así se pronunció: 
v.vistazo.com/4a5qhFI"
Daniel_Noboa,https://x.com/ElDatoEcua/status/1908219864029778350,@ElDatoEcua,2025-04-04T18:07:23.000Z,"#Urgente ¡DANIEL NOBOA LIDERA EL PRIMER LUGAR EN LAS ENCUESTAS TRACKING!

Encuestas realizadas con corte abril 2025 por la Encuestadora Tracking le da el triunfo al candidato Daniel Noboa con el 52.2 % sobre la candidata Luisa González que acumula el 47.8%.  

#ElDato #elecciones2025 #DanielNoboa #ADN7 #LuisaGonzalez #encuestas"
