candidato,palabra_clave,enlace_original,enlace_limpio
Andrea González Náder,elecciones 2025,https://x.com/SalaDePrensaEc/status/1786561856779300892/analytics,https://x.com/SalaDePrensaEc/status/1786561856779300892
Andrea González Náder,elecciones 2025,https://x.com/WRadioEc/status/1798888535841214849/photo/1,https://x.com/WRadioEc/status/1798888535841214849/photo/1
Andrea González Náder,elecciones 2025,https://x.com/WRadioEc/status/1798888535841214849/analytics,https://x.com/WRadioEc/status/1798888535841214849
Andrea González Náder,elecciones 2025,https://x.com/Expresoec/status/1800223285600530652/analytics,https://x.com/Expresoec/status/1800223285600530652
Andrea González Náder,elecciones 2025,https://x.com/Comunicaliza/status/1882902337263751533/analytics,https://x.com/Comunicaliza/status/1882902337263751533
Andrea González Náder,elecciones 2025,https://x.com/EcuavisaInforma/status/1891692856164675714/photo/1,https://x.com/EcuavisaInforma/status/1891692856164675714/photo/1
Andrea González Náder,elecciones 2025,https://x.com/AndreGonzalezNa/status/1875964931427995932,https://x.com/AndreGonzalezNa/status/1875964931427995932
Andrea González Náder,elecciones 2025,https://x.com/visionariasec/status/1886457343988351395/analytics,https://x.com/visionariasec/status/1886457343988351395
Andrea González Náder,elecciones 2025,https://x.com/ElPulsoEc/status/1876795697728463078/analytics,https://x.com/ElPulsoEc/status/1876795697728463078
Andrea González Náder,elecciones 2025,https://x.com/EcuadorTV/status/1798823452037804273/analytics,https://x.com/EcuadorTV/status/1798823452037804273
Andrea González Náder,elecciones 2025,https://x.com/grok/status/1904871064171127177,https://x.com/grok/status/1904871064171127177
Andrea González Náder,elecciones 2025,https://x.com/Expresoec/status/1800223285600530652/photo/1,https://x.com/Expresoec/status/1800223285600530652/photo/1
Andrea González Náder,elecciones 2025,https://x.com/visionariasec/status/1886457343988351395,https://x.com/visionariasec/status/1886457343988351395
Andrea González Náder,elecciones 2025,https://x.com/eluniversocom/status/1735664781720207684,https://x.com/eluniversocom/status/1735664781720207684
Andrea González Náder,elecciones 2025,https://x.com/lahoraecuador/status/1882230724063035417,https://x.com/lahoraecuador/status/1882230724063035417
Andrea González Náder,elecciones 2025,https://x.com/LaPosta_Ecu/status/1881105824007012558,https://x.com/LaPosta_Ecu/status/1881105824007012558
Andrea González Náder,elecciones 2025,https://x.com/teleamazonasec/status/1881201773198877023/photo/1,https://x.com/teleamazonasec/status/1881201773198877023/photo/1
Andrea González Náder,elecciones 2025,https://x.com/ElPulsoEc/status/1876795697728463078/photo/1,https://x.com/ElPulsoEc/status/1876795697728463078/photo/1
Andrea González Náder,elecciones 2025,https://x.com/EcuadorTV/status/1798823452037804273,https://x.com/EcuadorTV/status/1798823452037804273
Andrea González Náder,elecciones 2025,https://x.com/lahistoriaec/status/1735906924355305723/analytics,https://x.com/lahistoriaec/status/1735906924355305723
Andrea González Náder,elecciones 2025,https://x.com/lahistoriaec/status/1735906924355305723/photo/1,https://x.com/lahistoriaec/status/1735906924355305723/photo/1
Andrea González Náder,elecciones 2025,https://x.com/SalaDePrensaEc/status/1786561856779300892/photo/1,https://x.com/SalaDePrensaEc/status/1786561856779300892/photo/1
Andrea González Náder,elecciones 2025,https://x.com/eluniversocom/status/1735664781720207684/analytics,https://x.com/eluniversocom/status/1735664781720207684
Andrea González Náder,elecciones 2025,https://x.com/lahistoriaec/status/1735906924355305723,https://x.com/lahistoriaec/status/1735906924355305723
Andrea González Náder,elecciones 2025,https://x.com/ElRebeldeEc/status/1889650304674578907,https://x.com/ElRebeldeEc/status/1889650304674578907
Andrea González Náder,elecciones 2025,https://x.com/BNPeriodismo/status/1768688291941904469,https://x.com/BNPeriodismo/status/1768688291941904469
Andrea González Náder,elecciones 2025,https://x.com/grok/status/1904871064171127177/analytics,https://x.com/grok/status/1904871064171127177
Andrea González Náder,elecciones 2025,https://x.com/EcuavisaInforma/status/1891692856164675714,https://x.com/EcuavisaInforma/status/1891692856164675714
Andrea González Náder,elecciones 2025,https://x.com/LaPosta_Ecu/status/1881105824007012558/analytics,https://x.com/LaPosta_Ecu/status/1881105824007012558
Andrea González Náder,elecciones 2025,https://x.com/BNPeriodismo/status/1768688291941904469/analytics,https://x.com/BNPeriodismo/status/1768688291941904469
Andrea González Náder,elecciones 2025,https://x.com/Meluzambrano/status/1881326296824737845,https://x.com/Meluzambrano/status/1881326296824737845
Andrea González Náder,elecciones 2025,https://x.com/Meluzambrano/status/1881326296824737845/analytics,https://x.com/Meluzambrano/status/1881326296824737845
Andrea González Náder,elecciones 2025,https://x.com/lahoraecuador/status/1882230724063035417/analytics,https://x.com/lahoraecuador/status/1882230724063035417
Andrea González Náder,elecciones 2025,https://x.com/Expresoec/status/1881464538606018617/photo/1,https://x.com/Expresoec/status/1881464538606018617/photo/1
Andrea González Náder,elecciones 2025,https://x.com/Comunicaliza/status/1882902337263751533/photo/1,https://x.com/Comunicaliza/status/1882902337263751533/photo/1
Andrea González Náder,elecciones 2025,https://x.com/ElPulsoEc/status/1876795697728463078,https://x.com/ElPulsoEc/status/1876795697728463078
Andrea González Náder,elecciones 2025,https://x.com/Comunicaliza/status/1882902337263751533,https://x.com/Comunicaliza/status/1882902337263751533
Andrea González Náder,elecciones 2025,https://x.com/AndreGonzalezNa/status/1875964931427995932/analytics,https://x.com/AndreGonzalezNa/status/1875964931427995932
Andrea González Náder,elecciones 2025,https://x.com/WRadioEc/status/1798888535841214849,https://x.com/WRadioEc/status/1798888535841214849
Andrea González Náder,elecciones 2025,https://x.com/ElPortalEcu/status/1952016614745850339/analytics,https://x.com/ElPortalEcu/status/1952016614745850339
Andrea González Náder,elecciones 2025,https://x.com/EcuavisaInforma/status/1891692856164675714/analytics,https://x.com/EcuavisaInforma/status/1891692856164675714
Andrea González Náder,elecciones 2025,https://x.com/vult_deus64460/status/1981739603833823616/analytics,https://x.com/vult_deus64460/status/1981739603833823616
Andrea González Náder,elecciones 2025,https://x.com/Expresoec/status/1881464538606018617,https://x.com/Expresoec/status/1881464538606018617
Andrea González Náder,elecciones 2025,https://x.com/teleamazonasec/status/1881201773198877023/analytics,https://x.com/teleamazonasec/status/1881201773198877023
Andrea González Náder,elecciones 2025,https://x.com/ElPortalEcu/status/1952016614745850339,https://x.com/ElPortalEcu/status/1952016614745850339
Andrea González Náder,elecciones 2025,https://x.com/Expresoec/status/1881464538606018617/analytics,https://x.com/Expresoec/status/1881464538606018617
Andrea González Náder,elecciones 2025,https://x.com/Expresoec/status/1800223285600530652,https://x.com/Expresoec/status/1800223285600530652
Andrea González Náder,elecciones 2025,https://x.com/SalaDePrensaEc/status/1786561856779300892,https://x.com/SalaDePrensaEc/status/1786561856779300892
Andrea González Náder,elecciones 2025,https://x.com/vult_deus64460/status/1981739603833823616,https://x.com/vult_deus64460/status/1981739603833823616
Andrea González Náder,elecciones 2025,https://x.com/ElRebeldeEc/status/1889650304674578907/analytics,https://x.com/ElRebeldeEc/status/1889650304674578907
Andrea González Náder,elecciones 2025,https://x.com/teleamazonasec/status/1881201773198877023,https://x.com/teleamazonasec/status/1881201773198877023
