candidato,palabra_clave,enlace_original,enlace_limpio
Daniel Noboa,elecciones 2025,https://x.com/FMRadioFuego/status/1913285618278318579,https://x.com/FMRadioFuego/status/1913285618278318579
Daniel Noboa,elecciones 2025,https://x.com/radioamericahn/status/1926359973560275376,https://x.com/radioamericahn/status/1926359973560275376
Daniel Noboa,elecciones 2025,https://x.com/ElPulsoEc/status/1923839018065854861/analytics,https://x.com/ElPulsoEc/status/1923839018065854861
Daniel Noboa,elecciones 2025,https://x.com/elcomerciocom/status/1903998436271181921/analytics,https://x.com/elcomerciocom/status/1903998436271181921
Daniel Noboa,elecciones 2025,https://x.com/eluniversocom/status/1913696125376176205/analytics,https://x.com/eluniversocom/status/1913696125376176205
Daniel Noboa,elecciones 2025,https://x.com/EcuavisaInforma/status/1917192140620468435,https://x.com/EcuavisaInforma/status/1917192140620468435
Daniel Noboa,elecciones 2025,https://x.com/ElPortalEcu/status/1874279685963866465/analytics,https://x.com/ElPortalEcu/status/1874279685963866465
Daniel Noboa,elecciones 2025,https://x.com/teleamazonasec/status/1889320548460806177/analytics,https://x.com/teleamazonasec/status/1889320548460806177
Daniel Noboa,elecciones 2025,https://x.com/ElPulsoEc/status/1923839018065854861/photo/2,https://x.com/ElPulsoEc/status/1923839018065854861/photo/2
Daniel Noboa,elecciones 2025,https://x.com/Primicias/status/1889800707408019545/analytics,https://x.com/Primicias/status/1889800707408019545
Daniel Noboa,elecciones 2025,https://x.com/teleamazonasec/status/1910335556027818417,https://x.com/teleamazonasec/status/1910335556027818417
Daniel Noboa,elecciones 2025,https://x.com/teleamazonasec/status/1888831514009551133/photo/1,https://x.com/teleamazonasec/status/1888831514009551133/photo/1
Daniel Noboa,elecciones 2025,https://x.com/teleamazonasec/status/1891831725807821114,https://x.com/teleamazonasec/status/1891831725807821114
Daniel Noboa,elecciones 2025,https://x.com/EFEnoticias/status/1969502940256706940,https://x.com/EFEnoticias/status/1969502940256706940
Daniel Noboa,elecciones 2025,https://x.com/ElPulsoEc/status/1879553295959884222/photo/1,https://x.com/ElPulsoEc/status/1879553295959884222/photo/1
Daniel Noboa,elecciones 2025,https://x.com/EcuavisaInforma/status/1911578940700848378,https://x.com/EcuavisaInforma/status/1911578940700848378
Daniel Noboa,elecciones 2025,https://x.com/teleamazonasec/status/1889320548460806177/photo/1,https://x.com/teleamazonasec/status/1889320548460806177/photo/1
Daniel Noboa,elecciones 2025,https://x.com/teleamazonasec/status/1888561261337559084,https://x.com/teleamazonasec/status/1888561261337559084
Daniel Noboa,elecciones 2025,https://x.com/ElDatoIntern/status/1915069873207611813/analytics,https://x.com/ElDatoIntern/status/1915069873207611813
Daniel Noboa,elecciones 2025,https://x.com/EcEnDirecto/status/1953577086079119499/analytics,https://x.com/EcEnDirecto/status/1953577086079119499
Daniel Noboa,elecciones 2025,https://x.com/teleamazonasec/status/1829144822025977993/analytics,https://x.com/teleamazonasec/status/1829144822025977993
Daniel Noboa,elecciones 2025,https://x.com/revistavistazo/status/1925632893449080900,https://x.com/revistavistazo/status/1925632893449080900
Daniel Noboa,elecciones 2025,https://x.com/ladataecu/status/1921430375865147848/analytics,https://x.com/ladataecu/status/1921430375865147848
Daniel Noboa,elecciones 2025,https://x.com/revistavistazo/status/1925632893449080900/photo/1,https://x.com/revistavistazo/status/1925632893449080900/photo/1
Daniel Noboa,elecciones 2025,https://x.com/revistavistazo/status/1913956441062244441/photo/1,https://x.com/revistavistazo/status/1913956441062244441/photo/1
Daniel Noboa,elecciones 2025,https://x.com/EcuavisaInforma/status/1914309187493941690,https://x.com/EcuavisaInforma/status/1914309187493941690
Daniel Noboa,elecciones 2025,https://x.com/eluniversocom/status/1914300217249181972,https://x.com/eluniversocom/status/1914300217249181972
Daniel Noboa,elecciones 2025,https://x.com/notimundoec/status/1923027979501748233/analytics,https://x.com/notimundoec/status/1923027979501748233
Daniel Noboa,elecciones 2025,https://x.com/eluniversocom/status/1914300217249181972/photo/1,https://x.com/eluniversocom/status/1914300217249181972/photo/1
Daniel Noboa,elecciones 2025,https://x.com/eluniversocom/status/1977504602657366459,https://x.com/eluniversocom/status/1977504602657366459
Daniel Noboa,elecciones 2025,https://x.com/ElDatoEcua/status/1865825747929272526/photo/1,https://x.com/ElDatoEcua/status/1865825747929272526/photo/1
Daniel Noboa,elecciones 2025,https://x.com/kchradio/status/1825674628217364882/analytics,https://x.com/kchradio/status/1825674628217364882
Daniel Noboa,elecciones 2025,https://x.com/politicsecu/status/1966690959774659033/analytics,https://x.com/politicsecu/status/1966690959774659033
Daniel Noboa,elecciones 2025,https://x.com/teleamazonasec/status/1910335556027818417/photo/1,https://x.com/teleamazonasec/status/1910335556027818417/photo/1
Daniel Noboa,elecciones 2025,https://x.com/elcomerciocom/status/1901063235572256958,https://x.com/elcomerciocom/status/1901063235572256958
Daniel Noboa,elecciones 2025,https://x.com/ElPulsoEc/status/1879553295959884222/analytics,https://x.com/ElPulsoEc/status/1879553295959884222
Daniel Noboa,elecciones 2025,https://x.com/ElDatoEcua/status/1908219864029778350/analytics,https://x.com/ElDatoEcua/status/1908219864029778350
Daniel Noboa,elecciones 2025,https://x.com/elcomerciocom/status/1911598921958273194/photo/1,https://x.com/elcomerciocom/status/1911598921958273194/photo/1
Daniel Noboa,elecciones 2025,https://x.com/EcuavisaInforma/status/1911578940700848378/analytics,https://x.com/EcuavisaInforma/status/1911578940700848378
Daniel Noboa,elecciones 2025,https://x.com/EnmanuelRM_/status/1911580637418435048,https://x.com/EnmanuelRM_/status/1911580637418435048
Daniel Noboa,elecciones 2025,https://x.com/CruzaElDato/status/1911901999525966192/media_tags,https://x.com/CruzaElDato/status/1911901999525966192/media_tags
Daniel Noboa,elecciones 2025,https://x.com/FMRadioFuego/status/1913285618278318579/analytics,https://x.com/FMRadioFuego/status/1913285618278318579
Daniel Noboa,elecciones 2025,https://x.com/eluniversocom/status/1913696125376176205/photo/1,https://x.com/eluniversocom/status/1913696125376176205/photo/1
Daniel Noboa,elecciones 2025,https://x.com/tctelevision/status/1828085194345099751/photo/1,https://x.com/tctelevision/status/1828085194345099751/photo/1
Daniel Noboa,elecciones 2025,https://x.com/ElDatoEcua/status/1917352579840823605/analytics,https://x.com/ElDatoEcua/status/1917352579840823605
Daniel Noboa,elecciones 2025,https://x.com/politicsecu/status/1966690959774659033,https://x.com/politicsecu/status/1966690959774659033
Daniel Noboa,elecciones 2025,https://x.com/EcuavisaInforma/status/1917192140620468435/analytics,https://x.com/EcuavisaInforma/status/1917192140620468435
Daniel Noboa,elecciones 2025,https://x.com/FMRadioFuego/status/1913285618278318579/photo/1,https://x.com/FMRadioFuego/status/1913285618278318579/photo/1
Daniel Noboa,elecciones 2025,https://x.com/eluniversocom/status/1914042691073069397/photo/1,https://x.com/eluniversocom/status/1914042691073069397/photo/1
Daniel Noboa,elecciones 2025,https://x.com/ladataecu/status/1925526386577412186/analytics,https://x.com/ladataecu/status/1925526386577412186
Daniel Noboa,elecciones 2025,https://x.com/revistavistazo/status/1913029153911157241/analytics,https://x.com/revistavistazo/status/1913029153911157241
Daniel Noboa,elecciones 2025,https://x.com/eluniversocom/status/1913696125376176205,https://x.com/eluniversocom/status/1913696125376176205
Daniel Noboa,elecciones 2025,https://x.com/kchradio/status/1912142796791628244/analytics,https://x.com/kchradio/status/1912142796791628244
Daniel Noboa,elecciones 2025,https://x.com/teleamazonasec/status/1888583926769225913/photo/1,https://x.com/teleamazonasec/status/1888583926769225913/photo/1
Daniel Noboa,elecciones 2025,https://x.com/teleamazonasec/status/1858859749346844804,https://x.com/teleamazonasec/status/1858859749346844804
Daniel Noboa,elecciones 2025,https://x.com/eluniversocom/status/1977504602657366459/photo/1,https://x.com/eluniversocom/status/1977504602657366459/photo/1
Daniel Noboa,elecciones 2025,https://x.com/CruzaElDato/status/1911901999525966192,https://x.com/CruzaElDato/status/1911901999525966192
Daniel Noboa,elecciones 2025,https://x.com/teleamazonasec/status/1815728892549669068,https://x.com/teleamazonasec/status/1815728892549669068
Daniel Noboa,elecciones 2025,https://x.com/ElDatoEcua/status/1879550743642005675/photo/2,https://x.com/ElDatoEcua/status/1879550743642005675/photo/2
Daniel Noboa,elecciones 2025,https://x.com/kchradio/status/1825674628217364882,https://x.com/kchradio/status/1825674628217364882
Daniel Noboa,elecciones 2025,https://x.com/EcuavisaInforma/status/1914309187493941690/photo/1,https://x.com/EcuavisaInforma/status/1914309187493941690/photo/1
Daniel Noboa,elecciones 2025,https://x.com/kchradio/status/1825674628217364882/photo/1,https://x.com/kchradio/status/1825674628217364882/photo/1
Daniel Noboa,elecciones 2025,https://x.com/EcEnDirecto/status/1953577086079119499,https://x.com/EcEnDirecto/status/1953577086079119499
Daniel Noboa,elecciones 2025,https://x.com/EcuavisaInforma/status/1911615127708709066/photo/1,https://x.com/EcuavisaInforma/status/1911615127708709066/photo/1
Daniel Noboa,elecciones 2025,https://x.com/Primicias/status/1912629590385635533/analytics,https://x.com/Primicias/status/1912629590385635533
Daniel Noboa,elecciones 2025,https://x.com/ElPulsoEc/status/1923839018065854861,https://x.com/ElPulsoEc/status/1923839018065854861
Daniel Noboa,elecciones 2025,https://x.com/elcomerciocom/status/1901063235572256958/photo/1,https://x.com/elcomerciocom/status/1901063235572256958/photo/1
Daniel Noboa,elecciones 2025,https://x.com/ElDatoEcua/status/1865825747929272526,https://x.com/ElDatoEcua/status/1865825747929272526
Daniel Noboa,elecciones 2025,https://x.com/elcomerciocom/status/1903989564361891911/photo/1,https://x.com/elcomerciocom/status/1903989564361891911/photo/1
Daniel Noboa,elecciones 2025,https://x.com/ElPulsoEc/status/1923829935560405430/analytics,https://x.com/ElPulsoEc/status/1923829935560405430
Daniel Noboa,elecciones 2025,https://x.com/TiempoRealEC/status/1980623415779131801/analytics,https://x.com/TiempoRealEC/status/1980623415779131801
Daniel Noboa,elecciones 2025,https://x.com/eluniversocom/status/1977504602657366459/analytics,https://x.com/eluniversocom/status/1977504602657366459
Daniel Noboa,elecciones 2025,https://x.com/teleamazonasec/status/1869450235891822621/analytics,https://x.com/teleamazonasec/status/1869450235891822621
Daniel Noboa,elecciones 2025,https://x.com/EnmanuelRM_/status/1911580637418435048/photo/1,https://x.com/EnmanuelRM_/status/1911580637418435048/photo/1
Daniel Noboa,elecciones 2025,https://x.com/teleamazonasec/status/1912241147763712046/analytics,https://x.com/teleamazonasec/status/1912241147763712046
Daniel Noboa,elecciones 2025,https://x.com/teleamazonasec/status/1829141498014961786/analytics,https://x.com/teleamazonasec/status/1829141498014961786
Daniel Noboa,elecciones 2025,https://x.com/Primicias/status/1889800707408019545,https://x.com/Primicias/status/1889800707408019545
Daniel Noboa,elecciones 2025,https://x.com/elcomerciocom/status/1903989564361891911/analytics,https://x.com/elcomerciocom/status/1903989564361891911
Daniel Noboa,elecciones 2025,https://x.com/ElPulsoEc/status/1879553295959884222/photo/2,https://x.com/ElPulsoEc/status/1879553295959884222/photo/2
Daniel Noboa,elecciones 2025,https://x.com/ElDatoEcua/status/1865825747929272526/analytics,https://x.com/ElDatoEcua/status/1865825747929272526
Daniel Noboa,elecciones 2025,https://x.com/EcuavisaInforma/status/1911615127708709066,https://x.com/EcuavisaInforma/status/1911615127708709066
Daniel Noboa,elecciones 2025,https://x.com/ElPortalEcu/status/1874279685963866465/photo/2,https://x.com/ElPortalEcu/status/1874279685963866465/photo/2
Daniel Noboa,elecciones 2025,https://x.com/teleamazonasec/status/1888583926769225913,https://x.com/teleamazonasec/status/1888583926769225913
Daniel Noboa,elecciones 2025,https://x.com/revistavistazo/status/1913029153911157241,https://x.com/revistavistazo/status/1913029153911157241
Daniel Noboa,elecciones 2025,https://x.com/elcomerciocom/status/1901063235572256958/analytics,https://x.com/elcomerciocom/status/1901063235572256958
Daniel Noboa,elecciones 2025,https://x.com/teleamazonasec/status/1829144822025977993,https://x.com/teleamazonasec/status/1829144822025977993
Daniel Noboa,elecciones 2025,https://x.com/eluniversocom/status/1871308208377090442/photo/1,https://x.com/eluniversocom/status/1871308208377090442/photo/1
Daniel Noboa,elecciones 2025,https://x.com/TiempoRealEC/status/1980623415779131801,https://x.com/TiempoRealEC/status/1980623415779131801
Daniel Noboa,elecciones 2025,https://x.com/Primicias/status/1889800707408019545/photo/1,https://x.com/Primicias/status/1889800707408019545/photo/1
Daniel Noboa,elecciones 2025,https://x.com/EcEnDirecto/status/1953577086079119499/photo/1,https://x.com/EcEnDirecto/status/1953577086079119499/photo/1
Daniel Noboa,elecciones 2025,https://x.com/teleamazonasec/status/1829141498014961786,https://x.com/teleamazonasec/status/1829141498014961786
Daniel Noboa,elecciones 2025,https://x.com/teleamazonasec/status/1888561261337559084/analytics,https://x.com/teleamazonasec/status/1888561261337559084
Daniel Noboa,elecciones 2025,https://x.com/ElDatoEcua/status/1864529151832604768,https://x.com/ElDatoEcua/status/1864529151832604768
Daniel Noboa,elecciones 2025,https://x.com/ElDatoEcua/status/1864529151832604768/photo/1,https://x.com/ElDatoEcua/status/1864529151832604768/photo/1
Daniel Noboa,elecciones 2025,https://x.com/ElDatoEcua/status/1879550743642005675,https://x.com/ElDatoEcua/status/1879550743642005675
Daniel Noboa,elecciones 2025,https://x.com/ElPortalEcu/status/1864026552045801812/analytics,https://x.com/ElPortalEcu/status/1864026552045801812
Daniel Noboa,elecciones 2025,https://x.com/ElDatoEcua/status/1910565130439479723,https://x.com/ElDatoEcua/status/1910565130439479723
Daniel Noboa,elecciones 2025,https://x.com/ladataecu/status/1921430375865147848,https://x.com/ladataecu/status/1921430375865147848
Daniel Noboa,elecciones 2025,https://x.com/teleamazonasec/status/1858859749346844804/analytics,https://x.com/teleamazonasec/status/1858859749346844804
Daniel Noboa,elecciones 2025,https://x.com/EnmanuelRM_/status/1911580637418435048/analytics,https://x.com/EnmanuelRM_/status/1911580637418435048
Daniel Noboa,elecciones 2025,https://x.com/EcuavisaInforma/status/1914309187493941690/analytics,https://x.com/EcuavisaInforma/status/1914309187493941690
Daniel Noboa,elecciones 2025,https://x.com/eluniversocom/status/1871308208377090442/analytics,https://x.com/eluniversocom/status/1871308208377090442
Daniel Noboa,elecciones 2025,https://x.com/ElDatoEcua/status/1879550743642005675/photo/1,https://x.com/ElDatoEcua/status/1879550743642005675/photo/1
Daniel Noboa,elecciones 2025,https://x.com/Primicias/status/1912629590385635533/photo/1,https://x.com/Primicias/status/1912629590385635533/photo/1
Daniel Noboa,elecciones 2025,https://x.com/ElPulsoEc/status/1923829935560405430,https://x.com/ElPulsoEc/status/1923829935560405430
Daniel Noboa,elecciones 2025,https://x.com/ElDatoEcua/status/1864529151832604768/analytics,https://x.com/ElDatoEcua/status/1864529151832604768
Daniel Noboa,elecciones 2025,https://x.com/revistavistazo/status/1913956441062244441,https://x.com/revistavistazo/status/1913956441062244441
Daniel Noboa,elecciones 2025,https://x.com/eluniversocom/status/1837245114520899948,https://x.com/eluniversocom/status/1837245114520899948
Daniel Noboa,elecciones 2025,https://x.com/RadioMorena640/status/1911958287932674506/analytics,https://x.com/RadioMorena640/status/1911958287932674506
Daniel Noboa,elecciones 2025,https://x.com/revistavistazo/status/1913956441062244441/analytics,https://x.com/revistavistazo/status/1913956441062244441
Daniel Noboa,elecciones 2025,https://x.com/teleamazonasec/status/1888583926769225913/analytics,https://x.com/teleamazonasec/status/1888583926769225913
Daniel Noboa,elecciones 2025,https://x.com/elcomerciocom/status/1911598921958273194,https://x.com/elcomerciocom/status/1911598921958273194
Daniel Noboa,elecciones 2025,https://x.com/teleamazonasec/status/1888831514009551133,https://x.com/teleamazonasec/status/1888831514009551133
Daniel Noboa,elecciones 2025,https://x.com/teleamazonasec/status/1889320548460806177,https://x.com/teleamazonasec/status/1889320548460806177
Daniel Noboa,elecciones 2025,https://x.com/elcomerciocom/status/1839872305083642107/analytics,https://x.com/elcomerciocom/status/1839872305083642107
Daniel Noboa,elecciones 2025,https://x.com/ladataecu/status/1925526386577412186,https://x.com/ladataecu/status/1925526386577412186
Daniel Noboa,elecciones 2025,https://x.com/Expresoec/status/1874539709151801792,https://x.com/Expresoec/status/1874539709151801792
Daniel Noboa,elecciones 2025,https://x.com/teleamazonasec/status/1911609194609860724/photo/1,https://x.com/teleamazonasec/status/1911609194609860724/photo/1
Daniel Noboa,elecciones 2025,https://x.com/teleamazonasec/status/1911609194609860724,https://x.com/teleamazonasec/status/1911609194609860724
Daniel Noboa,elecciones 2025,https://x.com/tctelevision/status/1828085194345099751,https://x.com/tctelevision/status/1828085194345099751
Daniel Noboa,elecciones 2025,https://x.com/elcomerciocom/status/1839872305083642107,https://x.com/elcomerciocom/status/1839872305083642107
Daniel Noboa,elecciones 2025,https://x.com/ElPulsoEc/status/1879553295959884222,https://x.com/ElPulsoEc/status/1879553295959884222
Daniel Noboa,elecciones 2025,https://x.com/eluniversocom/status/1837245114520899948/photo/1,https://x.com/eluniversocom/status/1837245114520899948/photo/1
Daniel Noboa,elecciones 2025,https://x.com/radioamericahn/status/1926359973560275376/photo/1,https://x.com/radioamericahn/status/1926359973560275376/photo/1
Daniel Noboa,elecciones 2025,https://x.com/ElPulsoEc/status/1923839018065854861/photo/1,https://x.com/ElPulsoEc/status/1923839018065854861/photo/1
Daniel Noboa,elecciones 2025,https://x.com/TiempoRealEC/status/1980623415779131801/photo/1,https://x.com/TiempoRealEC/status/1980623415779131801/photo/1
Daniel Noboa,elecciones 2025,https://x.com/ElDatoIntern/status/1915069873207611813,https://x.com/ElDatoIntern/status/1915069873207611813
Daniel Noboa,elecciones 2025,https://x.com/eluniversocom/status/1915545055852474496/photo/1,https://x.com/eluniversocom/status/1915545055852474496/photo/1
Daniel Noboa,elecciones 2025,https://x.com/elcomerciocom/status/1903998436271181921,https://x.com/elcomerciocom/status/1903998436271181921
Daniel Noboa,elecciones 2025,https://x.com/revistavistazo/status/1913029153911157241/photo/1,https://x.com/revistavistazo/status/1913029153911157241/photo/1
Daniel Noboa,elecciones 2025,https://x.com/pelwchi/status/1914775075649356208,https://x.com/pelwchi/status/1914775075649356208
Daniel Noboa,elecciones 2025,https://x.com/teleamazonasec/status/1881320904313241996/analytics,https://x.com/teleamazonasec/status/1881320904313241996
Daniel Noboa,elecciones 2025,https://x.com/eluniversocom/status/1913635699552661588/photo/1,https://x.com/eluniversocom/status/1913635699552661588/photo/1
Daniel Noboa,elecciones 2025,https://x.com/elcomerciocom/status/1839872305083642107/photo/1,https://x.com/elcomerciocom/status/1839872305083642107/photo/1
Daniel Noboa,elecciones 2025,https://x.com/teleamazonasec/status/1869450235891822621,https://x.com/teleamazonasec/status/1869450235891822621
Daniel Noboa,elecciones 2025,https://x.com/ElDatoEcua/status/1910565130439479723/analytics,https://x.com/ElDatoEcua/status/1910565130439479723
Daniel Noboa,elecciones 2025,https://x.com/EcuavisaInforma/status/1911578940700848378/photo/1,https://x.com/EcuavisaInforma/status/1911578940700848378/photo/1
Daniel Noboa,elecciones 2025,https://x.com/EFEnoticias/status/1969502940256706940/photo/1,https://x.com/EFEnoticias/status/1969502940256706940/photo/1
Daniel Noboa,elecciones 2025,https://x.com/eluniversocom/status/1914300217249181972/analytics,https://x.com/eluniversocom/status/1914300217249181972
Daniel Noboa,elecciones 2025,https://x.com/pelwchi/status/1914775075649356208/analytics,https://x.com/pelwchi/status/1914775075649356208
Daniel Noboa,elecciones 2025,https://x.com/RadioMorena640/status/1911958287932674506,https://x.com/RadioMorena640/status/1911958287932674506
Daniel Noboa,elecciones 2025,https://x.com/eluniversocom/status/1871308208377090442,https://x.com/eluniversocom/status/1871308208377090442
Daniel Noboa,elecciones 2025,https://x.com/teleamazonasec/status/1912241147763712046,https://x.com/teleamazonasec/status/1912241147763712046
Daniel Noboa,elecciones 2025,https://x.com/ElPortalEcu/status/1864026552045801812,https://x.com/ElPortalEcu/status/1864026552045801812
Daniel Noboa,elecciones 2025,https://x.com/Expresoec/status/1874539709151801792/analytics,https://x.com/Expresoec/status/1874539709151801792
Daniel Noboa,elecciones 2025,https://x.com/eluniversocom/status/1913635699552661588,https://x.com/eluniversocom/status/1913635699552661588
Daniel Noboa,elecciones 2025,https://x.com/eluniversocom/status/1913635699552661588/analytics,https://x.com/eluniversocom/status/1913635699552661588
Daniel Noboa,elecciones 2025,https://x.com/teleamazonasec/status/1891831725807821114/analytics,https://x.com/teleamazonasec/status/1891831725807821114
Daniel Noboa,elecciones 2025,https://x.com/ElDatoEcua/status/1879550743642005675/analytics,https://x.com/ElDatoEcua/status/1879550743642005675
Daniel Noboa,elecciones 2025,https://x.com/ladataecu/status/1921430375865147848/photo/1,https://x.com/ladataecu/status/1921430375865147848/photo/1
Daniel Noboa,elecciones 2025,https://x.com/ElPortalEcu/status/1874279685963866465,https://x.com/ElPortalEcu/status/1874279685963866465
Daniel Noboa,elecciones 2025,https://x.com/Expresoec/status/1874539709151801792/photo/1,https://x.com/Expresoec/status/1874539709151801792/photo/1
Daniel Noboa,elecciones 2025,https://x.com/eluniversocom/status/1837245114520899948/analytics,https://x.com/eluniversocom/status/1837245114520899948
Daniel Noboa,elecciones 2025,https://x.com/teleamazonasec/status/1888831514009551133/analytics,https://x.com/teleamazonasec/status/1888831514009551133
Daniel Noboa,elecciones 2025,https://x.com/eluniversocom/status/1914042691073069397,https://x.com/eluniversocom/status/1914042691073069397
Daniel Noboa,elecciones 2025,https://x.com/revistavistazo/status/1875999192705097981/analytics,https://x.com/revistavistazo/status/1875999192705097981
Daniel Noboa,elecciones 2025,https://x.com/EcuavisaInforma/status/1911615127708709066/analytics,https://x.com/EcuavisaInforma/status/1911615127708709066
Daniel Noboa,elecciones 2025,https://x.com/EFEnoticias/status/1969502940256706940/analytics,https://x.com/EFEnoticias/status/1969502940256706940
Daniel Noboa,elecciones 2025,https://x.com/radioamericahn/status/1926359973560275376/analytics,https://x.com/radioamericahn/status/1926359973560275376
Daniel Noboa,elecciones 2025,https://x.com/teleamazonasec/status/1815728892549669068/analytics,https://x.com/teleamazonasec/status/1815728892549669068
Daniel Noboa,elecciones 2025,https://x.com/elcomerciocom/status/1903998436271181921/photo/1,https://x.com/elcomerciocom/status/1903998436271181921/photo/1
Daniel Noboa,elecciones 2025,https://x.com/eluniversocom/status/1915545055852474496/analytics,https://x.com/eluniversocom/status/1915545055852474496
Daniel Noboa,elecciones 2025,https://x.com/revistavistazo/status/1925632893449080900/analytics,https://x.com/revistavistazo/status/1925632893449080900
Daniel Noboa,elecciones 2025,https://x.com/ElPulsoEc/status/1923829935560405430/photo/1,https://x.com/ElPulsoEc/status/1923829935560405430/photo/1
Daniel Noboa,elecciones 2025,https://x.com/ladataecu/status/1925526386577412186/photo/1,https://x.com/ladataecu/status/1925526386577412186/photo/1
Daniel Noboa,elecciones 2025,https://x.com/eluniversocom/status/1914042691073069397/analytics,https://x.com/eluniversocom/status/1914042691073069397
Daniel Noboa,elecciones 2025,https://x.com/kchradio/status/1912142796791628244,https://x.com/kchradio/status/1912142796791628244
Daniel Noboa,elecciones 2025,https://x.com/elcomerciocom/status/1903989564361891911,https://x.com/elcomerciocom/status/1903989564361891911
Daniel Noboa,elecciones 2025,https://x.com/ElPortalEcu/status/1874279685963866465/photo/1,https://x.com/ElPortalEcu/status/1874279685963866465/photo/1
Daniel Noboa,elecciones 2025,https://x.com/revistavistazo/status/1875999192705097981,https://x.com/revistavistazo/status/1875999192705097981
Daniel Noboa,elecciones 2025,https://x.com/ElPortalEcu/status/1864026552045801812/photo/1,https://x.com/ElPortalEcu/status/1864026552045801812/photo/1
Daniel Noboa,elecciones 2025,https://x.com/kchradio/status/1912142796791628244/photo/1,https://x.com/kchradio/status/1912142796791628244/photo/1
Daniel Noboa,elecciones 2025,https://x.com/EcuavisaInforma/status/1917192140620468435/photo/1,https://x.com/EcuavisaInforma/status/1917192140620468435/photo/1
Daniel Noboa,elecciones 2025,https://x.com/teleamazonasec/status/1912241147763712046/photo/1,https://x.com/teleamazonasec/status/1912241147763712046/photo/1
Daniel Noboa,elecciones 2025,https://x.com/tctelevision/status/1828085194345099751/analytics,https://x.com/tctelevision/status/1828085194345099751
Daniel Noboa,elecciones 2025,https://x.com/notimundoec/status/1923027979501748233,https://x.com/notimundoec/status/1923027979501748233
Daniel Noboa,elecciones 2025,https://x.com/Primicias/status/1912629590385635533,https://x.com/Primicias/status/1912629590385635533
Daniel Noboa,elecciones 2025,https://x.com/teleamazonasec/status/1910335556027818417/analytics,https://x.com/teleamazonasec/status/1910335556027818417
Daniel Noboa,elecciones 2025,https://x.com/teleamazonasec/status/1881320904313241996,https://x.com/teleamazonasec/status/1881320904313241996
Daniel Noboa,elecciones 2025,https://x.com/CruzaElDato/status/1911901999525966192/analytics,https://x.com/CruzaElDato/status/1911901999525966192
Daniel Noboa,elecciones 2025,https://x.com/CruzaElDato/status/1911901999525966192/photo/1,https://x.com/CruzaElDato/status/1911901999525966192/photo/1
Daniel Noboa,elecciones 2025,https://x.com/ElDatoEcua/status/1917352579840823605,https://x.com/ElDatoEcua/status/1917352579840823605
Daniel Noboa,elecciones 2025,https://x.com/eluniversocom/status/1915545055852474496,https://x.com/eluniversocom/status/1915545055852474496
Daniel Noboa,elecciones 2025,https://x.com/elcomerciocom/status/1911598921958273194/analytics,https://x.com/elcomerciocom/status/1911598921958273194
Daniel Noboa,elecciones 2025,https://x.com/teleamazonasec/status/1911609194609860724/analytics,https://x.com/teleamazonasec/status/1911609194609860724
Daniel Noboa,elecciones 2025,https://x.com/revistavistazo/status/1875999192705097981/photo/1,https://x.com/revistavistazo/status/1875999192705097981/photo/1
Daniel Noboa,elecciones 2025,https://x.com/ElDatoEcua/status/1908219864029778350,https://x.com/ElDatoEcua/status/1908219864029778350
