candidato,palabra_clave,enlace_original,enlace_limpio
Henry Kronfle,elecciones 2025,https://x.com/Expresoec/status/1792948102183149851/photo/1,https://x.com/Expresoec/status/1792948102183149851/photo/1
Henry Kronfle,elecciones 2025,https://x.com/wenewsec/status/1826034130431492245/analytics,https://x.com/wenewsec/status/1826034130431492245
Henry Kronfle,elecciones 2025,https://x.com/Expresoec/status/1792948102183149851/analytics,https://x.com/Expresoec/status/1792948102183149851
Henry Kronfle,elecciones 2025,https://x.com/MemesDelMijinOr/status/1887639934061662422/analytics,https://x.com/MemesDelMijinOr/status/1887639934061662422
Henry Kronfle,elecciones 2025,https://x.com/QCanal395702/status/1842067619030909154/analytics,https://x.com/QCanal395702/status/1842067619030909154
Henry Kronfle,elecciones 2025,https://x.com/MnicaArosemena1/status/1876651090592079978/photo/1,https://x.com/MnicaArosemena1/status/1876651090592079978/photo/1
Henry Kronfle,elecciones 2025,https://x.com/lavozderiobamba/status/1792947222130065615,https://x.com/lavozderiobamba/status/1792947222130065615
Henry Kronfle,elecciones 2025,https://x.com/EcuavisaInforma/status/1799499456418545911/photo/1,https://x.com/EcuavisaInforma/status/1799499456418545911/photo/1
Henry Kronfle,elecciones 2025,https://x.com/lavozderiobamba/status/1792947222130065615/analytics,https://x.com/lavozderiobamba/status/1792947222130065615
Henry Kronfle,elecciones 2025,https://x.com/teleamazonasec/status/1882772538788544969,https://x.com/teleamazonasec/status/1882772538788544969
Henry Kronfle,elecciones 2025,https://x.com/teleamazonasec/status/1882772538788544969/analytics,https://x.com/teleamazonasec/status/1882772538788544969
Henry Kronfle,elecciones 2025,https://x.com/DianaDvilaNarv1/status/1807429954885308876/analytics,https://x.com/DianaDvilaNarv1/status/1807429954885308876
Henry Kronfle,elecciones 2025,https://x.com/EcuavisaInforma/status/1799499456418545911/analytics,https://x.com/EcuavisaInforma/status/1799499456418545911
Henry Kronfle,elecciones 2025,https://x.com/QCanal395702/status/1842067619030909154,https://x.com/QCanal395702/status/1842067619030909154
Henry Kronfle,elecciones 2025,https://x.com/ElizabethPumic/status/1795605993814127033/analytics,https://x.com/ElizabethPumic/status/1795605993814127033
Henry Kronfle,elecciones 2025,https://x.com/MemesDelMijinOr/status/1887639934061662422/photo/1,https://x.com/MemesDelMijinOr/status/1887639934061662422/photo/1
Henry Kronfle,elecciones 2025,https://x.com/MnicaArosemena1/status/1876651090592079978/analytics,https://x.com/MnicaArosemena1/status/1876651090592079978
Henry Kronfle,elecciones 2025,https://x.com/MemesDelMijinOr/status/1887639934061662422,https://x.com/MemesDelMijinOr/status/1887639934061662422
Henry Kronfle,elecciones 2025,https://x.com/EcuavisaInforma/status/1799499456418545911,https://x.com/EcuavisaInforma/status/1799499456418545911
Henry Kronfle,elecciones 2025,https://x.com/AsambleaEcuador/status/1807287484419539052/photo/1,https://x.com/AsambleaEcuador/status/1807287484419539052/photo/1
Henry Kronfle,elecciones 2025,https://x.com/MnicaArosemena1/status/1876651090592079978,https://x.com/MnicaArosemena1/status/1876651090592079978
Henry Kronfle,elecciones 2025,https://x.com/Expresoec/status/1792948102183149851,https://x.com/Expresoec/status/1792948102183149851
Henry Kronfle,elecciones 2025,https://x.com/ElizabethPumic/status/1795605993814127033,https://x.com/ElizabethPumic/status/1795605993814127033
Henry Kronfle,elecciones 2025,https://x.com/wenewsec/status/1826034130431492245,https://x.com/wenewsec/status/1826034130431492245
Henry Kronfle,elecciones 2025,https://x.com/lupadigitalec/status/1824971876252172400,https://x.com/lupadigitalec/status/1824971876252172400
Henry Kronfle,elecciones 2025,https://x.com/lupadigitalec/status/1824971876252172400/analytics,https://x.com/lupadigitalec/status/1824971876252172400
Henry Kronfle,elecciones 2025,https://x.com/DianaDvilaNarv1/status/1807429954885308876,https://x.com/DianaDvilaNarv1/status/1807429954885308876
