candidato,palabra_clave,enlace_original,enlace_limpio
Jimmy Jairala,elecciones 2025,https://x.com/teleamazonasec/status/1818717062883324153,https://x.com/teleamazonasec/status/1818717062883324153
Jimmy Jairala,elecciones 2025,https://x.com/EcTransparent/status/1841448455438225765,https://x.com/EcTransparent/status/1841448455438225765
Jimmy Jairala,elecciones 2025,https://x.com/ecuainm_oficial/status/1818641435001770050,https://x.com/ecuainm_oficial/status/1818641435001770050
Jimmy Jairala,elecciones 2025,https://x.com/LaPosta_Ecu/status/1840082009546260576/photo/1,https://x.com/LaPosta_Ecu/status/1840082009546260576/photo/1
Jimmy Jairala,elecciones 2025,https://x.com/Agusval0/status/1982608808884269492/analytics,https://x.com/Agusval0/status/1982608808884269492
Jimmy Jairala,elecciones 2025,https://x.com/EcEnDirecto/status/1818482249664454817,https://x.com/EcEnDirecto/status/1818482249664454817
Jimmy Jairala,elecciones 2025,https://x.com/EcEnDirecto/status/1818482249664454817/analytics,https://x.com/EcEnDirecto/status/1818482249664454817
Jimmy Jairala,elecciones 2025,https://x.com/EcuavisaInforma/status/1881170169965478001,https://x.com/EcuavisaInforma/status/1881170169965478001
Jimmy Jairala,elecciones 2025,https://x.com/PanAmPost_es/status/1982885119292477806/analytics,https://x.com/PanAmPost_es/status/1982885119292477806
Jimmy Jairala,elecciones 2025,https://x.com/eldiarioec/status/1884689426493640776/photo/1,https://x.com/eldiarioec/status/1884689426493640776/photo/1
Jimmy Jairala,elecciones 2025,https://x.com/PanAmPost_es/status/1982885119292477806,https://x.com/PanAmPost_es/status/1982885119292477806
Jimmy Jairala,elecciones 2025,https://x.com/eldiarioec/status/1884689426493640776,https://x.com/eldiarioec/status/1884689426493640776
Jimmy Jairala,elecciones 2025,https://x.com/ecuainm_oficial/status/1818479701305741597/analytics,https://x.com/ecuainm_oficial/status/1818479701305741597
Jimmy Jairala,elecciones 2025,https://x.com/EcTransparent/status/1841448455438225765/analytics,https://x.com/EcTransparent/status/1841448455438225765
Jimmy Jairala,elecciones 2025,https://x.com/juanif17/status/1780454358024425828/analytics,https://x.com/juanif17/status/1780454358024425828
Jimmy Jairala,elecciones 2025,https://x.com/MnicaArosemena1/status/1877389234509611103/analytics,https://x.com/MnicaArosemena1/status/1877389234509611103
Jimmy Jairala,elecciones 2025,https://x.com/ecuainm_oficial/status/1818479701305741597,https://x.com/ecuainm_oficial/status/1818479701305741597
Jimmy Jairala,elecciones 2025,https://x.com/JoEri183/status/1982590808478851354,https://x.com/JoEri183/status/1982590808478851354
Jimmy Jairala,elecciones 2025,https://x.com/Expresoec/status/1828450191730495549/photo/1,https://x.com/Expresoec/status/1828450191730495549/photo/1
Jimmy Jairala,elecciones 2025,https://x.com/willanRSC/status/1818798438743503013,https://x.com/willanRSC/status/1818798438743503013
Jimmy Jairala,elecciones 2025,https://x.com/elmercuriomanta/status/1863714800766751136/analytics,https://x.com/elmercuriomanta/status/1863714800766751136
Jimmy Jairala,elecciones 2025,https://x.com/Huaira_Runa/status/1818627085578985786,https://x.com/Huaira_Runa/status/1818627085578985786
Jimmy Jairala,elecciones 2025,https://x.com/EcTransparent/status/1841448455438225765/photo/1,https://x.com/EcTransparent/status/1841448455438225765/photo/1
Jimmy Jairala,elecciones 2025,https://x.com/PrensaEc1/status/1840168585056137449/photo/1,https://x.com/PrensaEc1/status/1840168585056137449/photo/1
Jimmy Jairala,elecciones 2025,https://x.com/Huaira_Runa/status/1818627085578985786/analytics,https://x.com/Huaira_Runa/status/1818627085578985786
Jimmy Jairala,elecciones 2025,https://x.com/MemesDelMijinOr/status/1888762816422723697/analytics,https://x.com/MemesDelMijinOr/status/1888762816422723697
Jimmy Jairala,elecciones 2025,https://x.com/jimmyjairala/status/1702355161870479781/analytics,https://x.com/jimmyjairala/status/1702355161870479781
Jimmy Jairala,elecciones 2025,https://x.com/MnicaArosemena1/status/1877389234509611103/photo/1,https://x.com/MnicaArosemena1/status/1877389234509611103/photo/1
Jimmy Jairala,elecciones 2025,https://x.com/cositopolitico/status/1873358819742622018/analytics,https://x.com/cositopolitico/status/1873358819742622018
Jimmy Jairala,elecciones 2025,https://x.com/Expresoec/status/1828450191730495549,https://x.com/Expresoec/status/1828450191730495549
Jimmy Jairala,elecciones 2025,https://x.com/jimmyjairala/status/1710224928950120486,https://x.com/jimmyjairala/status/1710224928950120486
Jimmy Jairala,elecciones 2025,https://x.com/eldiarioec/status/1884689426493640776/analytics,https://x.com/eldiarioec/status/1884689426493640776
Jimmy Jairala,elecciones 2025,https://x.com/achirasgiron/status/1818679278558384132/analytics,https://x.com/achirasgiron/status/1818679278558384132
Jimmy Jairala,elecciones 2025,https://x.com/LaPosta_Ecu/status/1840082009546260576,https://x.com/LaPosta_Ecu/status/1840082009546260576
Jimmy Jairala,elecciones 2025,https://x.com/ecuainm_oficial/status/1818641435001770050/analytics,https://x.com/ecuainm_oficial/status/1818641435001770050
Jimmy Jairala,elecciones 2025,https://x.com/atenasfm/status/1818621335838376210/photo/1,https://x.com/atenasfm/status/1818621335838376210/photo/1
Jimmy Jairala,elecciones 2025,https://x.com/teleamazonasec/status/1818717062883324153/analytics,https://x.com/teleamazonasec/status/1818717062883324153
Jimmy Jairala,elecciones 2025,https://x.com/elmercuriomanta/status/1863714800766751136/photo/1,https://x.com/elmercuriomanta/status/1863714800766751136/photo/1
Jimmy Jairala,elecciones 2025,https://x.com/teleamazonasec/status/1818717062883324153/photo/1,https://x.com/teleamazonasec/status/1818717062883324153/photo/1
Jimmy Jairala,elecciones 2025,https://x.com/teleamazonasec/status/1828468307877384631,https://x.com/teleamazonasec/status/1828468307877384631
Jimmy Jairala,elecciones 2025,https://x.com/LaPosta_Ecu/status/1840082009546260576/analytics,https://x.com/LaPosta_Ecu/status/1840082009546260576
Jimmy Jairala,elecciones 2025,https://x.com/EcTransparent/status/1841448455438225765/photo/2,https://x.com/EcTransparent/status/1841448455438225765/photo/2
Jimmy Jairala,elecciones 2025,https://x.com/lahoraecuador/status/1841606854117392409/analytics,https://x.com/lahoraecuador/status/1841606854117392409
Jimmy Jairala,elecciones 2025,https://x.com/MemesDelMijinOr/status/1888762816422723697/photo/1,https://x.com/MemesDelMijinOr/status/1888762816422723697/photo/1
Jimmy Jairala,elecciones 2025,https://x.com/Ec_Comunicador/status/1818766475270013382,https://x.com/Ec_Comunicador/status/1818766475270013382
Jimmy Jairala,elecciones 2025,https://x.com/JoEri183/status/1982590808478851354/analytics,https://x.com/JoEri183/status/1982590808478851354
Jimmy Jairala,elecciones 2025,https://x.com/atenasfm/status/1818621335838376210,https://x.com/atenasfm/status/1818621335838376210
Jimmy Jairala,elecciones 2025,https://x.com/lahoraecuador/status/1841606854117392409,https://x.com/lahoraecuador/status/1841606854117392409
Jimmy Jairala,elecciones 2025,https://x.com/willanRSC/status/1818798438743503013/analytics,https://x.com/willanRSC/status/1818798438743503013
Jimmy Jairala,elecciones 2025,https://x.com/EcEnDirecto/status/1818482249664454817/photo/1,https://x.com/EcEnDirecto/status/1818482249664454817/photo/1
Jimmy Jairala,elecciones 2025,https://x.com/UltimaHoraEC_/status/1840367082954699188/photo/1,https://x.com/UltimaHoraEC_/status/1840367082954699188/photo/1
Jimmy Jairala,elecciones 2025,https://x.com/UltimaHoraEC_/status/1840367082954699188,https://x.com/UltimaHoraEC_/status/1840367082954699188
Jimmy Jairala,elecciones 2025,https://x.com/ecuainm_oficial/status/1818479701305741597/photo/1,https://x.com/ecuainm_oficial/status/1818479701305741597/photo/1
Jimmy Jairala,elecciones 2025,https://x.com/jimmyjairala/status/1702355161870479781,https://x.com/jimmyjairala/status/1702355161870479781
Jimmy Jairala,elecciones 2025,https://x.com/wenewsec/status/1836885815655313529/photo/1,https://x.com/wenewsec/status/1836885815655313529/photo/1
Jimmy Jairala,elecciones 2025,https://x.com/MnicaArosemena1/status/1877389234509611103,https://x.com/MnicaArosemena1/status/1877389234509611103
Jimmy Jairala,elecciones 2025,https://x.com/EcuavisaInforma/status/1881170169965478001/photo/1,https://x.com/EcuavisaInforma/status/1881170169965478001/photo/1
Jimmy Jairala,elecciones 2025,https://x.com/jimmyjairala/status/1710224928950120486/analytics,https://x.com/jimmyjairala/status/1710224928950120486
Jimmy Jairala,elecciones 2025,https://x.com/wenewsec/status/1836885815655313529/analytics,https://x.com/wenewsec/status/1836885815655313529
Jimmy Jairala,elecciones 2025,https://x.com/GKecuador/status/1841843545918894316,https://x.com/GKecuador/status/1841843545918894316
Jimmy Jairala,elecciones 2025,https://x.com/achirasgiron/status/1818679278558384132/photo/1,https://x.com/achirasgiron/status/1818679278558384132/photo/1
Jimmy Jairala,elecciones 2025,https://x.com/atenasfm/status/1818621335838376210/analytics,https://x.com/atenasfm/status/1818621335838376210
Jimmy Jairala,elecciones 2025,https://x.com/atenasfm/status/1818621335838376210/photo/2,https://x.com/atenasfm/status/1818621335838376210/photo/2
Jimmy Jairala,elecciones 2025,https://x.com/teleamazonasec/status/1828468307877384631/analytics,https://x.com/teleamazonasec/status/1828468307877384631
Jimmy Jairala,elecciones 2025,https://x.com/elmercuriomanta/status/1863714800766751136,https://x.com/elmercuriomanta/status/1863714800766751136
Jimmy Jairala,elecciones 2025,https://x.com/Huaira_Runa/status/1818627085578985786/photo/1,https://x.com/Huaira_Runa/status/1818627085578985786/photo/1
Jimmy Jairala,elecciones 2025,https://x.com/wenewsec/status/1836885815655313529,https://x.com/wenewsec/status/1836885815655313529
Jimmy Jairala,elecciones 2025,https://x.com/EcuavisaInforma/status/1881170169965478001/analytics,https://x.com/EcuavisaInforma/status/1881170169965478001
Jimmy Jairala,elecciones 2025,https://x.com/PrensaEc1/status/1840168585056137449/analytics,https://x.com/PrensaEc1/status/1840168585056137449
Jimmy Jairala,elecciones 2025,https://x.com/elcomerciocom/status/1888634508506763743/analytics,https://x.com/elcomerciocom/status/1888634508506763743
Jimmy Jairala,elecciones 2025,https://x.com/elcomerciocom/status/1888634508506763743,https://x.com/elcomerciocom/status/1888634508506763743
Jimmy Jairala,elecciones 2025,https://x.com/cositopolitico/status/1873358819742622018,https://x.com/cositopolitico/status/1873358819742622018
Jimmy Jairala,elecciones 2025,https://x.com/Expresoec/status/1828450191730495549/analytics,https://x.com/Expresoec/status/1828450191730495549
Jimmy Jairala,elecciones 2025,https://x.com/MemesDelMijinOr/status/1888762816422723697,https://x.com/MemesDelMijinOr/status/1888762816422723697
Jimmy Jairala,elecciones 2025,https://x.com/Ec_Comunicador/status/1818766475270013382/analytics,https://x.com/Ec_Comunicador/status/1818766475270013382
Jimmy Jairala,elecciones 2025,https://x.com/PrensaEc1/status/1840168585056137449,https://x.com/PrensaEc1/status/1840168585056137449
Jimmy Jairala,elecciones 2025,https://x.com/UltimaHoraEC_/status/1840367082954699188/analytics,https://x.com/UltimaHoraEC_/status/1840367082954699188
Jimmy Jairala,elecciones 2025,https://x.com/juanif17/status/1780454358024425828,https://x.com/juanif17/status/1780454358024425828
Jimmy Jairala,elecciones 2025,https://x.com/Agusval0/status/1982608808884269492,https://x.com/Agusval0/status/1982608808884269492
Jimmy Jairala,elecciones 2025,https://x.com/willanRSC/status/1818798438743503013/photo/1,https://x.com/willanRSC/status/1818798438743503013/photo/1
Jimmy Jairala,elecciones 2025,https://x.com/lahoraecuador/status/1841606854117392409/photo/1,https://x.com/lahoraecuador/status/1841606854117392409/photo/1
Jimmy Jairala,elecciones 2025,https://x.com/elcomerciocom/status/1888634508506763743/photo/1,https://x.com/elcomerciocom/status/1888634508506763743/photo/1
Jimmy Jairala,elecciones 2025,https://x.com/achirasgiron/status/1818679278558384132,https://x.com/achirasgiron/status/1818679278558384132
Jimmy Jairala,elecciones 2025,https://x.com/ecuainm_oficial/status/1818641435001770050/photo/1,https://x.com/ecuainm_oficial/status/1818641435001770050/photo/1
Jimmy Jairala,elecciones 2025,https://x.com/GKecuador/status/1841843545918894316/analytics,https://x.com/GKecuador/status/1841843545918894316
Jimmy Jairala,elecciones 2025,https://x.com/Ec_Comunicador/status/1818766475270013382/photo/1,https://x.com/Ec_Comunicador/status/1818766475270013382/photo/1
