candidato,palabra_clave,enlace_original,enlace_limpio
Jorge Escala,elecciones 2025,https://x.com/WRadioEc/status/1792047513802809771,https://x.com/WRadioEc/status/1792047513802809771
Jorge Escala,elecciones 2025,https://x.com/marcalpalazzolo/status/1982577267441271159,https://x.com/marcalpalazzolo/status/1982577267441271159
Jorge Escala,elecciones 2025,https://x.com/ejesdecom/status/1982606310802600165/analytics,https://x.com/ejesdecom/status/1982606310802600165
Jorge Escala,elecciones 2025,https://x.com/radiolared/status/1982625209938239861/photo/1,https://x.com/radiolared/status/1982625209938239861/photo/1
Jorge Escala,elecciones 2025,https://x.com/bgonzaf/status/1982605894543401147/photo/1,https://x.com/bgonzaf/status/1982605894543401147/photo/1
Jorge Escala,elecciones 2025,https://x.com/partidodelorden/status/1981914705460351051/analytics,https://x.com/partidodelorden/status/1981914705460351051
Jorge Escala,elecciones 2025,https://x.com/EcTransparent/status/1841584740781953193/photo/1,https://x.com/EcTransparent/status/1841584740781953193/photo/1
Jorge Escala,elecciones 2025,https://x.com/laderechadiario/status/1797794337381839083/photo/1,https://x.com/laderechadiario/status/1797794337381839083/photo/1
Jorge Escala,elecciones 2025,https://x.com/WRadioEc/status/1792047513802809771/analytics,https://x.com/WRadioEc/status/1792047513802809771
Jorge Escala,elecciones 2025,https://x.com/LaPosta_Ecu/status/1820594388839580136/analytics,https://x.com/LaPosta_Ecu/status/1820594388839580136
Jorge Escala,elecciones 2025,https://x.com/bgonzaf/status/1982605894543401147,https://x.com/bgonzaf/status/1982605894543401147
Jorge Escala,elecciones 2025,https://x.com/radiolared/status/1982625209938239861,https://x.com/radiolared/status/1982625209938239861
Jorge Escala,elecciones 2025,https://x.com/laderechadiario/status/1899959021437919474,https://x.com/laderechadiario/status/1899959021437919474
Jorge Escala,elecciones 2025,https://x.com/DatosElectChile/status/1980955434660856156,https://x.com/DatosElectChile/status/1980955434660856156
Jorge Escala,elecciones 2025,https://x.com/elmercuriomanta/status/1854176033651474558,https://x.com/elmercuriomanta/status/1854176033651474558
Jorge Escala,elecciones 2025,https://x.com/Noticias_TVC/status/1882787521957904838/analytics,https://x.com/Noticias_TVC/status/1882787521957904838
Jorge Escala,elecciones 2025,https://x.com/eluniversocom/status/1819119722937414034,https://x.com/eluniversocom/status/1819119722937414034
Jorge Escala,elecciones 2025,https://x.com/radio_pichincha/status/1886795573493170260/analytics,https://x.com/radio_pichincha/status/1886795573493170260
Jorge Escala,elecciones 2025,https://x.com/laderechadiario/status/1797794337381839083/analytics,https://x.com/laderechadiario/status/1797794337381839083
Jorge Escala,elecciones 2025,https://x.com/DiarioExtraEc/status/1881098927832961402/analytics,https://x.com/DiarioExtraEc/status/1881098927832961402
Jorge Escala,elecciones 2025,https://x.com/JeremiasAntelo/status/1982595345977930113,https://x.com/JeremiasAntelo/status/1982595345977930113
Jorge Escala,elecciones 2025,https://x.com/WRadioEc/status/1792047513802809771/photo/1,https://x.com/WRadioEc/status/1792047513802809771/photo/1
Jorge Escala,elecciones 2025,https://x.com/CaskabelDigital/status/1778437516078522728/analytics,https://x.com/CaskabelDigital/status/1778437516078522728
Jorge Escala,elecciones 2025,https://x.com/EcuavisaInforma/status/1881099915868426496/analytics,https://x.com/EcuavisaInforma/status/1881099915868426496
Jorge Escala,elecciones 2025,https://x.com/benalarcon/status/1881016576004247983,https://x.com/benalarcon/status/1881016576004247983
Jorge Escala,elecciones 2025,https://x.com/WRadioEc/status/1790089720195588447,https://x.com/WRadioEc/status/1790089720195588447
Jorge Escala,elecciones 2025,https://x.com/DrJulioCueva/status/1873947049374220349/analytics,https://x.com/DrJulioCueva/status/1873947049374220349
Jorge Escala,elecciones 2025,https://x.com/WRadioEc/status/1790089720195588447/analytics,https://x.com/WRadioEc/status/1790089720195588447
Jorge Escala,elecciones 2025,https://x.com/elmercuriomanta/status/1854176033651474558/photo/1,https://x.com/elmercuriomanta/status/1854176033651474558/photo/1
Jorge Escala,elecciones 2025,https://x.com/fortavat/status/1980670664685306113/analytics,https://x.com/fortavat/status/1980670664685306113
Jorge Escala,elecciones 2025,https://x.com/EcuavisaInforma/status/1911805860164034920,https://x.com/EcuavisaInforma/status/1911805860164034920
Jorge Escala,elecciones 2025,https://x.com/Lioogle/status/1982846072801378666/analytics,https://x.com/Lioogle/status/1982846072801378666
Jorge Escala,elecciones 2025,https://x.com/sinchiruna/status/1840397701193564506,https://x.com/sinchiruna/status/1840397701193564506
Jorge Escala,elecciones 2025,https://x.com/Lioogle/status/1982846072801378666,https://x.com/Lioogle/status/1982846072801378666
Jorge Escala,elecciones 2025,https://x.com/ejesdecom/status/1982606310802600165,https://x.com/ejesdecom/status/1982606310802600165
Jorge Escala,elecciones 2025,https://x.com/CaskabelDigital/status/1778437516078522728,https://x.com/CaskabelDigital/status/1778437516078522728
Jorge Escala,elecciones 2025,https://x.com/NachoRgz/status/1861114021581123961,https://x.com/NachoRgz/status/1861114021581123961
Jorge Escala,elecciones 2025,https://x.com/sinchiruna/status/1840397701193564506/analytics,https://x.com/sinchiruna/status/1840397701193564506
Jorge Escala,elecciones 2025,https://x.com/partidodelorden/status/1981914705460351051,https://x.com/partidodelorden/status/1981914705460351051
Jorge Escala,elecciones 2025,https://x.com/eluniversocom/status/1819119722937414034/analytics,https://x.com/eluniversocom/status/1819119722937414034
Jorge Escala,elecciones 2025,https://x.com/Noticias_TVC/status/1882787521957904838,https://x.com/Noticias_TVC/status/1882787521957904838
Jorge Escala,elecciones 2025,https://x.com/laderechadiario/status/1899959021437919474/photo/1,https://x.com/laderechadiario/status/1899959021437919474/photo/1
Jorge Escala,elecciones 2025,https://x.com/EcuavisaInforma/status/1911805860164034920/photo/1,https://x.com/EcuavisaInforma/status/1911805860164034920/photo/1
Jorge Escala,elecciones 2025,https://x.com/noticiero9ok/status/1982599704262107618/analytics,https://x.com/noticiero9ok/status/1982599704262107618
Jorge Escala,elecciones 2025,https://x.com/LaPosta_Ecu/status/1820594388839580136,https://x.com/LaPosta_Ecu/status/1820594388839580136
Jorge Escala,elecciones 2025,https://x.com/benalarcon/status/1881016576004247983/analytics,https://x.com/benalarcon/status/1881016576004247983
Jorge Escala,elecciones 2025,https://x.com/radiolared/status/1982625209938239861/analytics,https://x.com/radiolared/status/1982625209938239861
Jorge Escala,elecciones 2025,https://x.com/EcuavisaInforma/status/1881099915868426496,https://x.com/EcuavisaInforma/status/1881099915868426496
Jorge Escala,elecciones 2025,https://x.com/sinchiruna/status/1840397701193564506/photo/1,https://x.com/sinchiruna/status/1840397701193564506/photo/1
Jorge Escala,elecciones 2025,https://x.com/RED92cadadiamas/status/1982635234660388908/photo/1,https://x.com/RED92cadadiamas/status/1982635234660388908/photo/1
Jorge Escala,elecciones 2025,https://x.com/RED92cadadiamas/status/1982635234660388908/analytics,https://x.com/RED92cadadiamas/status/1982635234660388908
Jorge Escala,elecciones 2025,https://x.com/fortavat/status/1980670664685306113,https://x.com/fortavat/status/1980670664685306113
Jorge Escala,elecciones 2025,https://x.com/marcalpalazzolo/status/1982577267441271159/analytics,https://x.com/marcalpalazzolo/status/1982577267441271159
Jorge Escala,elecciones 2025,https://x.com/noticiero9ok/status/1982599704262107618/photo/1,https://x.com/noticiero9ok/status/1982599704262107618/photo/1
Jorge Escala,elecciones 2025,https://x.com/EcTransparent/status/1841584740781953193,https://x.com/EcTransparent/status/1841584740781953193
Jorge Escala,elecciones 2025,https://x.com/NachoRgz/status/1861114021581123961/photo/1,https://x.com/NachoRgz/status/1861114021581123961/photo/1
Jorge Escala,elecciones 2025,https://x.com/DiarioExtraEc/status/1881098927832961402,https://x.com/DiarioExtraEc/status/1881098927832961402
Jorge Escala,elecciones 2025,https://x.com/NachoRgz/status/1861114021581123961/analytics,https://x.com/NachoRgz/status/1861114021581123961
Jorge Escala,elecciones 2025,https://x.com/radio_pichincha/status/1886795573493170260,https://x.com/radio_pichincha/status/1886795573493170260
Jorge Escala,elecciones 2025,https://x.com/EcTransparent/status/1843346937132490926/analytics,https://x.com/EcTransparent/status/1843346937132490926
Jorge Escala,elecciones 2025,https://x.com/laderechadiario/status/1899959021437919474/analytics,https://x.com/laderechadiario/status/1899959021437919474
Jorge Escala,elecciones 2025,https://x.com/JeremiasAntelo/status/1982595345977930113/analytics,https://x.com/JeremiasAntelo/status/1982595345977930113
Jorge Escala,elecciones 2025,https://x.com/EcTransparent/status/1841584740781953193/analytics,https://x.com/EcTransparent/status/1841584740781953193
Jorge Escala,elecciones 2025,https://x.com/LaPosta_Ecu/status/1820594388839580136/photo/1,https://x.com/LaPosta_Ecu/status/1820594388839580136/photo/1
Jorge Escala,elecciones 2025,https://x.com/DrJulioCueva/status/1873947049374220349,https://x.com/DrJulioCueva/status/1873947049374220349
Jorge Escala,elecciones 2025,https://x.com/fortavat/status/1980670664685306113/photo/1,https://x.com/fortavat/status/1980670664685306113/photo/1
Jorge Escala,elecciones 2025,https://x.com/grok/status/1978958484734644704/analytics,https://x.com/grok/status/1978958484734644704
Jorge Escala,elecciones 2025,https://x.com/elmercuriomanta/status/1854176033651474558/analytics,https://x.com/elmercuriomanta/status/1854176033651474558
Jorge Escala,elecciones 2025,https://x.com/noticiero9ok/status/1982599704262107618,https://x.com/noticiero9ok/status/1982599704262107618
Jorge Escala,elecciones 2025,https://x.com/DatosElectChile/status/1980955434660856156/analytics,https://x.com/DatosElectChile/status/1980955434660856156
Jorge Escala,elecciones 2025,https://x.com/RED92cadadiamas/status/1982635234660388908,https://x.com/RED92cadadiamas/status/1982635234660388908
Jorge Escala,elecciones 2025,https://x.com/bgonzaf/status/1982605894543401147/analytics,https://x.com/bgonzaf/status/1982605894543401147
Jorge Escala,elecciones 2025,https://x.com/EcTransparent/status/1843346937132490926,https://x.com/EcTransparent/status/1843346937132490926
Jorge Escala,elecciones 2025,https://x.com/partidodelorden/status/1981914705460351051/photo/1,https://x.com/partidodelorden/status/1981914705460351051/photo/1
Jorge Escala,elecciones 2025,https://x.com/EcuavisaInforma/status/1911805860164034920/analytics,https://x.com/EcuavisaInforma/status/1911805860164034920
Jorge Escala,elecciones 2025,https://x.com/EcTransparent/status/1843346937132490926/photo/1,https://x.com/EcTransparent/status/1843346937132490926/photo/1
Jorge Escala,elecciones 2025,https://x.com/WRadioEc/status/1790089720195588447/photo/1,https://x.com/WRadioEc/status/1790089720195588447/photo/1
Jorge Escala,elecciones 2025,https://x.com/DatosElectChile/status/1980955434660856156/photo/1,https://x.com/DatosElectChile/status/1980955434660856156/photo/1
Jorge Escala,elecciones 2025,https://x.com/grok/status/1978958484734644704,https://x.com/grok/status/1978958484734644704
Jorge Escala,elecciones 2025,https://x.com/laderechadiario/status/1797794337381839083,https://x.com/laderechadiario/status/1797794337381839083
