candidato,palabra_clave,enlace_original,enlace_limpio
Luisa González,elecciones 2025,https://x.com/JairoLoja_/status/1912178452750307578/photo/1,https://x.com/JairoLoja_/status/1912178452750307578/photo/1
Luisa González,elecciones 2025,https://x.com/JairoLoja_/status/1912178452750307578,https://x.com/JairoLoja_/status/1912178452750307578
Luisa González,elecciones 2025,https://x.com/teleamazonasec/status/1881336210431631541/analytics,https://x.com/teleamazonasec/status/1881336210431631541
Luisa González,elecciones 2025,https://x.com/RRueda_Ermel/status/1848845332509036889,https://x.com/RRueda_Ermel/status/1848845332509036889
Luisa González,elecciones 2025,https://x.com/teleamazonasec/status/1840205258502344941/analytics,https://x.com/teleamazonasec/status/1840205258502344941
Luisa González,elecciones 2025,https://x.com/eluniversocom/status/1914042691073069397/analytics,https://x.com/eluniversocom/status/1914042691073069397
Luisa González,elecciones 2025,https://x.com/radiolacalle/status/1725216621436826010,https://x.com/radiolacalle/status/1725216621436826010
Luisa González,elecciones 2025,https://x.com/EcuavisaInforma/status/1911795595531927742,https://x.com/EcuavisaInforma/status/1911795595531927742
Luisa González,elecciones 2025,https://x.com/elcomerciocom/status/1911615971816595851/photo/1,https://x.com/elcomerciocom/status/1911615971816595851/photo/1
Luisa González,elecciones 2025,https://x.com/JairoLoja_/status/1912178452750307578/analytics,https://x.com/JairoLoja_/status/1912178452750307578
Luisa González,elecciones 2025,https://x.com/politicsecu/status/1956809460565057561,https://x.com/politicsecu/status/1956809460565057561
Luisa González,elecciones 2025,https://x.com/TiempoRealEC/status/1937958415503962135,https://x.com/TiempoRealEC/status/1937958415503962135
Luisa González,elecciones 2025,https://x.com/elcomerciocom/status/1911615971816595851,https://x.com/elcomerciocom/status/1911615971816595851
Luisa González,elecciones 2025,https://x.com/elcomerciocom/status/1911615971816595851/analytics,https://x.com/elcomerciocom/status/1911615971816595851
Luisa González,elecciones 2025,https://x.com/eluniversocom/status/1916119785307308444/analytics,https://x.com/eluniversocom/status/1916119785307308444
Luisa González,elecciones 2025,https://x.com/ElDatoEcua/status/1974226909757141251,https://x.com/ElDatoEcua/status/1974226909757141251
Luisa González,elecciones 2025,https://x.com/abcesnoticias/status/1956795258873794811/analytics,https://x.com/abcesnoticias/status/1956795258873794811
Luisa González,elecciones 2025,https://x.com/teleamazonasec/status/1881336210431631541,https://x.com/teleamazonasec/status/1881336210431631541
Luisa González,elecciones 2025,https://x.com/LiutSantiago21/status/1832903169002852605/analytics,https://x.com/LiutSantiago21/status/1832903169002852605
Luisa González,elecciones 2025,https://x.com/EcuavisaInforma/status/1911559855921385694/analytics,https://x.com/EcuavisaInforma/status/1911559855921385694
Luisa González,elecciones 2025,https://x.com/elcomerciocom/status/1900004411096621250/photo/1,https://x.com/elcomerciocom/status/1900004411096621250/photo/1
Luisa González,elecciones 2025,https://x.com/teleamazonasec/status/1818995172333572178/analytics,https://x.com/teleamazonasec/status/1818995172333572178
Luisa González,elecciones 2025,https://x.com/eluniversocom/status/1914042691073069397,https://x.com/eluniversocom/status/1914042691073069397
Luisa González,elecciones 2025,https://x.com/politicsecu/status/1956809460565057561/photo/2,https://x.com/politicsecu/status/1956809460565057561/photo/2
Luisa González,elecciones 2025,https://x.com/EcuavisaInforma/status/1911559855921385694,https://x.com/EcuavisaInforma/status/1911559855921385694
Luisa González,elecciones 2025,https://x.com/abcesnoticias/status/1956795258873794811/photo/1,https://x.com/abcesnoticias/status/1956795258873794811/photo/1
Luisa González,elecciones 2025,https://x.com/JuanRamonCast12/status/1895051652127772974,https://x.com/JuanRamonCast12/status/1895051652127772974
Luisa González,elecciones 2025,https://x.com/elcomerciocom/status/1900004411096621250,https://x.com/elcomerciocom/status/1900004411096621250
Luisa González,elecciones 2025,https://x.com/elcomerciocom/status/1900004411096621250/analytics,https://x.com/elcomerciocom/status/1900004411096621250
Luisa González,elecciones 2025,https://x.com/eluniversocom/status/1914042691073069397/photo/1,https://x.com/eluniversocom/status/1914042691073069397/photo/1
Luisa González,elecciones 2025,https://x.com/Primicias/status/1981520955785511040/analytics,https://x.com/Primicias/status/1981520955785511040
Luisa González,elecciones 2025,https://x.com/JuanRamonCast12/status/1895051652127772974/analytics,https://x.com/JuanRamonCast12/status/1895051652127772974
Luisa González,elecciones 2025,https://x.com/elcomerciocom/status/1912841129625604148/photo/1,https://x.com/elcomerciocom/status/1912841129625604148/photo/1
Luisa González,elecciones 2025,https://x.com/teleamazonasec/status/1840205258502344941/photo/1,https://x.com/teleamazonasec/status/1840205258502344941/photo/1
Luisa González,elecciones 2025,https://x.com/teleamazonasec/status/1881336210431631541/photo/1,https://x.com/teleamazonasec/status/1881336210431631541/photo/1
Luisa González,elecciones 2025,https://x.com/ElDatoEcua/status/1939052993531269629/analytics,https://x.com/ElDatoEcua/status/1939052993531269629
Luisa González,elecciones 2025,https://x.com/teleamazonasec/status/1840205258502344941,https://x.com/teleamazonasec/status/1840205258502344941
Luisa González,elecciones 2025,https://x.com/RRueda_Ermel/status/1848845332509036889/analytics,https://x.com/RRueda_Ermel/status/1848845332509036889
Luisa González,elecciones 2025,https://x.com/MinMedio/status/1969822921909526931,https://x.com/MinMedio/status/1969822921909526931
Luisa González,elecciones 2025,https://x.com/radiolacalle/status/1725216621436826010/analytics,https://x.com/radiolacalle/status/1725216621436826010
Luisa González,elecciones 2025,https://x.com/eluniversocom/status/1916119785307308444/photo/1,https://x.com/eluniversocom/status/1916119785307308444/photo/1
Luisa González,elecciones 2025,https://x.com/elcomerciocom/status/1888931193833369828/analytics,https://x.com/elcomerciocom/status/1888931193833369828
Luisa González,elecciones 2025,https://x.com/elcomerciocom/status/1888931193833369828/photo/1,https://x.com/elcomerciocom/status/1888931193833369828/photo/1
Luisa González,elecciones 2025,https://x.com/politicsecu/status/1956809460565057561/photo/1,https://x.com/politicsecu/status/1956809460565057561/photo/1
Luisa González,elecciones 2025,https://x.com/ElDatoEcua/status/1939052993531269629/photo/1,https://x.com/ElDatoEcua/status/1939052993531269629/photo/1
Luisa González,elecciones 2025,https://x.com/teleamazonasec/status/1793002572183490844/photo/1,https://x.com/teleamazonasec/status/1793002572183490844/photo/1
Luisa González,elecciones 2025,https://x.com/TiempoRealEC/status/1937958415503962135/analytics,https://x.com/TiempoRealEC/status/1937958415503962135
Luisa González,elecciones 2025,https://x.com/eluniversocom/status/1919784695455248463/analytics,https://x.com/eluniversocom/status/1919784695455248463
Luisa González,elecciones 2025,https://x.com/elcomerciocom/status/1888931193833369828,https://x.com/elcomerciocom/status/1888931193833369828
Luisa González,elecciones 2025,https://x.com/teleamazonasec/status/1793002572183490844,https://x.com/teleamazonasec/status/1793002572183490844
Luisa González,elecciones 2025,https://x.com/canalrtu/status/1932921620751946229/photo/1,https://x.com/canalrtu/status/1932921620751946229/photo/1
Luisa González,elecciones 2025,https://x.com/ElDatoEcua/status/1974226909757141251/analytics,https://x.com/ElDatoEcua/status/1974226909757141251
Luisa González,elecciones 2025,https://x.com/eluniversocom/status/1919784695455248463/photo/1,https://x.com/eluniversocom/status/1919784695455248463/photo/1
Luisa González,elecciones 2025,https://x.com/ElDatoEcua/status/1939052993531269629,https://x.com/ElDatoEcua/status/1939052993531269629
Luisa González,elecciones 2025,https://x.com/MinMedio/status/1969822921909526931/analytics,https://x.com/MinMedio/status/1969822921909526931
Luisa González,elecciones 2025,https://x.com/elcomerciocom/status/1912841129625604148/analytics,https://x.com/elcomerciocom/status/1912841129625604148
Luisa González,elecciones 2025,https://x.com/politicsecu/status/1956809460565057561/analytics,https://x.com/politicsecu/status/1956809460565057561
Luisa González,elecciones 2025,https://x.com/abcesnoticias/status/1956795258873794811,https://x.com/abcesnoticias/status/1956795258873794811
Luisa González,elecciones 2025,https://x.com/Primicias/status/1981520955785511040,https://x.com/Primicias/status/1981520955785511040
Luisa González,elecciones 2025,https://x.com/MinMedio/status/1969822921909526931/photo/1,https://x.com/MinMedio/status/1969822921909526931/photo/1
Luisa González,elecciones 2025,https://x.com/teleamazonasec/status/1793002572183490844/analytics,https://x.com/teleamazonasec/status/1793002572183490844
Luisa González,elecciones 2025,https://x.com/canalrtu/status/1932921620751946229/analytics,https://x.com/canalrtu/status/1932921620751946229
Luisa González,elecciones 2025,https://x.com/teleamazonasec/status/1818995172333572178,https://x.com/teleamazonasec/status/1818995172333572178
Luisa González,elecciones 2025,https://x.com/wq_radio/status/1969783606428975189,https://x.com/wq_radio/status/1969783606428975189
Luisa González,elecciones 2025,https://x.com/EcuavisaInforma/status/1911795595531927742/analytics,https://x.com/EcuavisaInforma/status/1911795595531927742
Luisa González,elecciones 2025,https://x.com/radiolacalle/status/1725216621436826010/photo/1,https://x.com/radiolacalle/status/1725216621436826010/photo/1
Luisa González,elecciones 2025,https://x.com/eluniversocom/status/1916119785307308444,https://x.com/eluniversocom/status/1916119785307308444
Luisa González,elecciones 2025,https://x.com/elcomerciocom/status/1912841129625604148,https://x.com/elcomerciocom/status/1912841129625604148
Luisa González,elecciones 2025,https://x.com/ElDatoEcua/status/1939052993531269629/photo/2,https://x.com/ElDatoEcua/status/1939052993531269629/photo/2
Luisa González,elecciones 2025,https://x.com/canalrtu/status/1932921620751946229,https://x.com/canalrtu/status/1932921620751946229
Luisa González,elecciones 2025,https://x.com/Primicias/status/1981520955785511040/photo/1,https://x.com/Primicias/status/1981520955785511040/photo/1
Luisa González,elecciones 2025,https://x.com/eluniversocom/status/1919784695455248463,https://x.com/eluniversocom/status/1919784695455248463
Luisa González,elecciones 2025,https://x.com/wq_radio/status/1969783606428975189/analytics,https://x.com/wq_radio/status/1969783606428975189
Luisa González,elecciones 2025,https://x.com/LiutSantiago21/status/1832903169002852605,https://x.com/LiutSantiago21/status/1832903169002852605
Luisa González,elecciones 2025,https://x.com/wq_radio/status/1969783606428975189/photo/1,https://x.com/wq_radio/status/1969783606428975189/photo/1
Luisa González,elecciones 2025,https://x.com/EcuavisaInforma/status/1911795595531927742/photo/1,https://x.com/EcuavisaInforma/status/1911795595531927742/photo/1
