candidato,palabra_clave,enlace_original,enlace_limpio
Wilson Gómez Vascones,elecciones 2025,https://x.com/radiocentroec/status/1795937615964754296/analytics,https://x.com/radiocentroec/status/1795937615964754296
Wilson Gómez Vascones,elecciones 2025,https://x.com/TraductorTeAma/status/1755032309093273874/analytics,https://x.com/TraductorTeAma/status/1755032309093273874
Wilson Gómez Vascones,elecciones 2025,https://x.com/wolfjose70/status/1981826820275065020/analytics,https://x.com/wolfjose70/status/1981826820275065020
Wilson Gómez Vascones,elecciones 2025,https://x.com/wgomezr/status/1784609272938033646/analytics,https://x.com/wgomezr/status/1784609272938033646
Wilson Gómez Vascones,elecciones 2025,https://x.com/wolfjose70/status/1981826820275065020,https://x.com/wolfjose70/status/1981826820275065020
Wilson Gómez Vascones,elecciones 2025,https://x.com/radiolared/status/1982625209938239861/photo/1,https://x.com/radiolared/status/1982625209938239861/photo/1
Wilson Gómez Vascones,elecciones 2025,https://x.com/wgomezr/status/1784609272938033646/photo/2,https://x.com/wgomezr/status/1784609272938033646/photo/2
Wilson Gómez Vascones,elecciones 2025,https://x.com/Pablomilanes41/status/1981470873258250527,https://x.com/Pablomilanes41/status/1981470873258250527
Wilson Gómez Vascones,elecciones 2025,https://x.com/ElDatoEcua/status/1868779324033438077,https://x.com/ElDatoEcua/status/1868779324033438077
Wilson Gómez Vascones,elecciones 2025,https://x.com/radio_pichincha/status/1899867993816940766/photo/1,https://x.com/radio_pichincha/status/1899867993816940766/photo/1
Wilson Gómez Vascones,elecciones 2025,https://x.com/elcomerciocom/status/1916948141997232390,https://x.com/elcomerciocom/status/1916948141997232390
Wilson Gómez Vascones,elecciones 2025,https://x.com/radiocentroec/status/1795937615964754296,https://x.com/radiocentroec/status/1795937615964754296
Wilson Gómez Vascones,elecciones 2025,https://x.com/ElDatoEcua/status/1864529151832604768/analytics,https://x.com/ElDatoEcua/status/1864529151832604768
Wilson Gómez Vascones,elecciones 2025,https://x.com/radio_pichincha/status/1899867993816940766/analytics,https://x.com/radio_pichincha/status/1899867993816940766
Wilson Gómez Vascones,elecciones 2025,https://x.com/mari_pili68/status/1981000467586125924,https://x.com/mari_pili68/status/1981000467586125924
Wilson Gómez Vascones,elecciones 2025,https://x.com/EcuavisaInforma/status/1822329459648745631/analytics,https://x.com/EcuavisaInforma/status/1822329459648745631
Wilson Gómez Vascones,elecciones 2025,https://x.com/ElDatoEcua/status/1868779324033438077/analytics,https://x.com/ElDatoEcua/status/1868779324033438077
Wilson Gómez Vascones,elecciones 2025,https://x.com/ElDatoEcua/status/1868779324033438077/photo/1,https://x.com/ElDatoEcua/status/1868779324033438077/photo/1
Wilson Gómez Vascones,elecciones 2025,https://x.com/Vhgkasparov/status/1906331271459950953,https://x.com/Vhgkasparov/status/1906331271459950953
Wilson Gómez Vascones,elecciones 2025,https://x.com/teleamazonasec/status/1888765795326369948/photo/1,https://x.com/teleamazonasec/status/1888765795326369948/photo/1
Wilson Gómez Vascones,elecciones 2025,https://x.com/radiolared/status/1982625209938239861/analytics,https://x.com/radiolared/status/1982625209938239861
Wilson Gómez Vascones,elecciones 2025,https://x.com/ElPortalEcu/status/1880719299431596406/photo/1,https://x.com/ElPortalEcu/status/1880719299431596406/photo/1
Wilson Gómez Vascones,elecciones 2025,https://x.com/radiolared/status/1982625209938239861,https://x.com/radiolared/status/1982625209938239861
Wilson Gómez Vascones,elecciones 2025,https://x.com/teleamazonasec/status/1888765795326369948/analytics,https://x.com/teleamazonasec/status/1888765795326369948
Wilson Gómez Vascones,elecciones 2025,https://x.com/radio_pichincha/status/1899867993816940766,https://x.com/radio_pichincha/status/1899867993816940766
Wilson Gómez Vascones,elecciones 2025,https://x.com/EcuavisaInforma/status/1822329459648745631/photo/1,https://x.com/EcuavisaInforma/status/1822329459648745631/photo/1
Wilson Gómez Vascones,elecciones 2025,https://x.com/Vhgkasparov/status/1906331271459950953/analytics,https://x.com/Vhgkasparov/status/1906331271459950953
Wilson Gómez Vascones,elecciones 2025,https://x.com/elcomerciocom/status/1916948141997232390/analytics,https://x.com/elcomerciocom/status/1916948141997232390
Wilson Gómez Vascones,elecciones 2025,https://x.com/elcomerciocom/status/1916948141997232390/photo/1,https://x.com/elcomerciocom/status/1916948141997232390/photo/1
Wilson Gómez Vascones,elecciones 2025,https://x.com/ElPortalEcu/status/1880719299431596406/analytics,https://x.com/ElPortalEcu/status/1880719299431596406
Wilson Gómez Vascones,elecciones 2025,https://x.com/teleamazonasec/status/1888765795326369948,https://x.com/teleamazonasec/status/1888765795326369948
Wilson Gómez Vascones,elecciones 2025,https://x.com/TraductorTeAma/status/1755032309093273874,https://x.com/TraductorTeAma/status/1755032309093273874
Wilson Gómez Vascones,elecciones 2025,https://x.com/wolfjose70/status/1980963696865394733/analytics,https://x.com/wolfjose70/status/1980963696865394733
Wilson Gómez Vascones,elecciones 2025,https://x.com/wgomezr/status/1784609272938033646/photo/1,https://x.com/wgomezr/status/1784609272938033646/photo/1
Wilson Gómez Vascones,elecciones 2025,https://x.com/ElPortalEcu/status/1880719299431596406,https://x.com/ElPortalEcu/status/1880719299431596406
Wilson Gómez Vascones,elecciones 2025,https://x.com/wolfjose70/status/1980963696865394733,https://x.com/wolfjose70/status/1980963696865394733
Wilson Gómez Vascones,elecciones 2025,https://x.com/mari_pili68/status/1981000467586125924/analytics,https://x.com/mari_pili68/status/1981000467586125924
Wilson Gómez Vascones,elecciones 2025,https://x.com/ElDatoEcua/status/1864529151832604768,https://x.com/ElDatoEcua/status/1864529151832604768
Wilson Gómez Vascones,elecciones 2025,https://x.com/wgomezr/status/1784609272938033646,https://x.com/wgomezr/status/1784609272938033646
Wilson Gómez Vascones,elecciones 2025,https://x.com/Pablomilanes41/status/1981470873258250527/analytics,https://x.com/Pablomilanes41/status/1981470873258250527
Wilson Gómez Vascones,elecciones 2025,https://x.com/ElDatoEcua/status/1864529151832604768/photo/1,https://x.com/ElDatoEcua/status/1864529151832604768/photo/1
Wilson Gómez Vascones,elecciones 2025,https://x.com/EcuavisaInforma/status/1822329459648745631,https://x.com/EcuavisaInforma/status/1822329459648745631
