[
    {
        "id_post": 1,
        "candidato": "Daniel_Noboa",
        "usuario": "@ElPulsoEc",
        "fecha": "2025-05-17T20:32:19.000Z",
        "texto": "#ElDato  ¡DANIEL NOBOA SIGUE DERROTANDO AL CORREÍSMO! \n\n Ganó la Presidencia 2023.\n Ganó la Consulta Popular 2024. \n Ganó la primera vuelta electoral 2025.\n Ganó la mayoría en la Asamblea - elecciones 2025.\n Ganó la asambleísta más votada. (Annabella Azín) \n Ganó la",
        "comentarios": [
            {
                "id_comentario": 1,
                "texto_comentario": "El. País en la berg@ y estos limitados pensando solo en Correa"
            },
            {
                "id_comentario": 2,
                "texto_comentario": "Mientras sigan estos limitados en el poder el. País seguirá en caída libre"
            },
            {
                "id_comentario": 3,
                "texto_comentario": "El. País en la berg@ y estos limitados pensando solo en Correa"
            },
            {
                "id_comentario": 4,
                "texto_comentario": "Mientras sigan estos limitados en el poder el. País seguirá en caída libre"
            }
        ]
    },
    {
        "id_post": 2,
        "candidato": "Daniel_Noboa",
        "usuario": "@elcomerciocom",
        "fecha": "2025-03-24T02:32:56.000Z",
        "texto": " ¿Emergencia en salud o mafias en hospitales? Así fue el cruce entre Luisa González y Daniel Noboa:\nf.mtr.cool/npfscmbtyu",
        "comentarios": [
            {
                "id_comentario": 1,
                "texto_comentario": "Fuuuu, niño de cuna de oro ya tuvo 15 meses y no supo generar ni una plaza de empleo. Peor en 4 años"
            },
            {
                "id_comentario": 2,
                "texto_comentario": "NOBOA SALE LLORANDO DE LA ARRASTRADA QUE LE PEGÓ LUISA"
            },
            {
                "id_comentario": 3,
                "texto_comentario": "Excelente LUISA, debes ser nuestra próxima Presidenta."
            },
            {
                "id_comentario": 4,
                "texto_comentario": "Todo lo que ofrece Noboa pudo haberlo demostrado durante su gobierno, tuvo la oportunidad, pero no hizo nada. Cualquier cosa que prometa es mentira."
            }
        ]
    },
    {
        "id_post": 3,
        "candidato": "Daniel_Noboa",
        "usuario": "@eluniversocom",
        "fecha": "2025-04-19T20:48:05.000Z",
        "texto": "#DanielNoboa | La Secretaría de Relaciones Exteriores de #México divulgó un comunicado este 19 de abril, tras un mensaje militar que alerta de actos #terroristas en #Ecuador. \now.ly/CE6250VEnob",
        "comentarios": [
            {
                "id_comentario": 1,
                "texto_comentario": "Claro allá solo hay abrazos no balazos"
            },
            {
                "id_comentario": 2,
                "texto_comentario": "Que se puede esperar de ésta tipa, si su gobierno protege al narcotráfico. México es el exportador más grande de los cártel de la droga, y país santuario de los ladrones de cuello blanco de toda LATAM. Es la sede del GDO Grupo de Puebla"
            },
            {
                "id_comentario": 3,
                "texto_comentario": "El mensaje dice SICARIOS MEXICANOS más no miembros del gobierno de México estimada @Claudiashein @Claudiashein @Claudiashein , el presidente Bukele mencionó en un comunicado \"DELINCUENTES ECUATORIANOS\" NO SE REFERIA AL ESTADO O PAIS COMO TAL solo a esas lacras que deben pagar con todo el peso de ley"
            },
            {
                "id_comentario": 4,
                "texto_comentario": "Parece que no se ha enterado ésta mujer, en México está la \"crema y nata\" de la delincuencia!."
            },
            {
                "id_comentario": 5,
                "texto_comentario": "No estaban hablando del Gob Mexicano !"
            },
            {
                "id_comentario": 6,
                "texto_comentario": "Con esa cara de estatua de piedra mal esculpida ,esta presidente  incita a la violencia contra el presidente  , escondiendo prófugos, promoviendo entreguen a Glas .Pobre México en manos de esta"
            },
            {
                "id_comentario": 7,
                "texto_comentario": "A quien engaña está señora? Todo México sabe de dónde el el cartel de Jalisco jjj y los demás de México y dónde se esconden los políticos ecuatorianos, si EEUU lo está sancionando por no declarar los narcos como terroristas, que paso ??"
            },
            {
                "id_comentario": 8,
                "texto_comentario": "Sea Mexico , sea Colombia , sea Venezuela nadie  deberia  meterse  en nuestras  desiciones y elecciones , ya  tienen sus problemas asi  que  dejemnos  en Paz y a nuestro Presidente."
            },
            {
                "id_comentario": 9,
                "texto_comentario": "Este es un \"Pote de Humo\" del delincuente Noboa, para desvial la atención de #megafraude #megafraude cometido por él y sus secuaces en Ecuador."
            },
            {
                "id_comentario": 10,
                "texto_comentario": "Huyyyyyy. Como si México fuera un país Santo México es la cuna de los narcocarteles exportables a todo el mundo"
            },
            {
                "id_comentario": 11,
                "texto_comentario": "@grok @grok @grok explícale a la Presidenta De México que si es legal la Presencia de Daniel NOBOA? Cómo modo desquiciado por favor?"
            },
            {
                "id_comentario": 12,
                "texto_comentario": "Estos zurdos esta convirtiendo a México en guarida de delincuentes"
            }
        ]
    },
    {
        "id_post": 4,
        "candidato": "Daniel_Noboa",
        "usuario": "@EcuavisaInforma",
        "fecha": "2025-04-29T12:20:00.000Z",
        "texto": "#LaNoticiaAFondo  | En las #Elecciones2025, el candidato-presidente Daniel Noboa logró el triunfo en aquellos cantones con mayor índice de vejez.  Noboa ganó en tres cantones de Loja; donde la población mayor a 65 años representa el 11, 9 %  \nbit.ly/44gii7Y",
        "comentarios": [
            {
                "id_comentario": 1,
                "texto_comentario": "Maldita cloaca esa es la narrativa para sostener al psicópata de CACA rton y todo por la sucia pauta"
            },
            {
                "id_comentario": 2,
                "texto_comentario": "Pero a Luisa le robaron más de un millón de votos! FRAUDE"
            },
            {
                "id_comentario": 3,
                "texto_comentario": "Y este FRAUDULENTO CARTÓN no cumplió lo que prometió a los “viejitos jubilados”…definitivamente ese millonario es el mismísimo demonio"
            },
            {
                "id_comentario": 4,
                "texto_comentario": "Fue FRAUDE por eso no abren las urnas, xq ese millón de votos los puso el CNE, la mayoría no somos estúpidos ni odiadorees"
            },
            {
                "id_comentario": 5,
                "texto_comentario": "Y si lo dice ecuarisa ...pues no te jode hay que creer en semejante payasada y si...viejos pendejos a trabajar más hasta los 75 años a seguir cotizando que los quieren ver exclavos y no disfrutar de sus pensiones...vaya a estupidez"
            },
            {
                "id_comentario": 6,
                "texto_comentario": "Como dicen los argentinos, por culpa de viejos chotos!, pero bueno el mal ya esta hecho, toca ver que depara los proximos años"
            },
            {
                "id_comentario": 7,
                "texto_comentario": "Nustros viejitos se merecen un retiro digno que con la ayuda de nuestro presidente Noboa estoy seguro lo lograremos. Por otro lado los \"Correistas\" se llevaron TODO...... (Robado obviamente)"
            },
            {
                "id_comentario": 8,
                "texto_comentario": "Y luego de eso dejo el SHOW y volvió a VAGAR X EL MUNDO ¿ASI ES COMO TREMENDO VAGO E INUTIL VA A DAR SEGURIDAD EN EL PAIS ?. Hoy el país nuevamente queda en manos de LOS DELINCUENTES Y  NARCOTRÁFICANTES paras del INEPTO DE CARTÓN"
            },
            {
                "id_comentario": 9,
                "texto_comentario": "Porque ganó si todos votamos por Luisa."
            },
            {
                "id_comentario": 10,
                "texto_comentario": "Ganó, o le hicieron ganar?"
            },
            {
                "id_comentario": 11,
                "texto_comentario": "Veremos si es recíproco con ellos!! O será que tendrán que esperar sentaditos o mejor acostados en una hamaca!!! Esperando solo Dios sabe lo que piensa este individuo!!!"
            }
        ]
    },
    {
        "id_post": 5,
        "candidato": "Daniel_Noboa",
        "usuario": "@ElPortalEcu",
        "fecha": "2025-01-01T02:21:14.000Z",
        "texto": " Según la encuestadora Comunicaliza el presidente Daniel Noboa lidera la intención de voto para las elecciones 2025:\n\nDaniel Noboa 32,9%\n Luisa González 29,3%",
        "comentarios": [
            {
                "id_comentario": 1,
                "texto_comentario": "Se la viven mintiendo en las encuestas y aún así aceptan que Luisa tiene 30%, seguro es mayor el porcentaje"
            },
            {
                "id_comentario": 2,
                "texto_comentario": "Ustedes de idiotas son lo mejor....\nHace poco replicaban la \"encuesta donde colocaban al tarado este en primer lugar con caso 50% y decían que esto era 1 sola vuelta ahora con mínimos...\nSu tiempo llego a su fin y deben largarse"
            },
            {
                "id_comentario": 3,
                "texto_comentario": "Prensa corrupta pautera, ESTAS SON LAS ENCUESTAS REALES"
            },
            {
                "id_comentario": 4,
                "texto_comentario": "Algo no cuadra con este pautero de a"
            },
            {
                "id_comentario": 5,
                "texto_comentario": "Algo no cuadra con este pautero de a"
            },
            {
                "id_comentario": 6,
                "texto_comentario": "Suma 5 votos para @DanielNoboaOk @DanielNoboaOk @DanielNoboaOk de toda mi familia"
            },
            {
                "id_comentario": 7,
                "texto_comentario": "Quien p3nd3j@ vota por ese inepto mmvga"
            },
            {
                "id_comentario": 8,
                "texto_comentario": "Prensa corrupta pautera, ESTAS SON LAS ENCUESTAS REALES"
            },
            {
                "id_comentario": 9,
                "texto_comentario": "@cedatos @cedatos @cedatos se te cayó la mentira????"
            },
            {
                "id_comentario": 10,
                "texto_comentario": "Algo no cuadra con este pautero de a"
            }
        ]
    },
    {
        "id_post": 6,
        "candidato": "Daniel_Noboa",
        "usuario": "@teleamazonasec",
        "fecha": "2025-02-11T14:28:15.000Z",
        "texto": "#ATENCIÓN | \"Había cosas que no cuadraban, incluso con el conteo rápido de la OEA\". El presidente candidato Daniel Noboa -en entrevista- reacciona a los resultados de las Elecciones 2025 \now.ly/BPKB50UXH3K",
        "comentarios": [
            {
                "id_comentario": 1,
                "texto_comentario": "Hasta para hablar es tonto y estúpido cartón con ese insulto ya tiene medio pueblo en contra"
            },
            {
                "id_comentario": 2,
                "texto_comentario": "Están asustados hdps"
            },
            {
                "id_comentario": 3,
                "texto_comentario": "@DanielNoboaOk @DanielNoboaOk @DanielNoboaOk #GobiernoDeMierda #GobiernoDeMierda"
            },
            {
                "id_comentario": 4,
                "texto_comentario": "Boboa, mas incoherente que nunca este tipo.  Muchacho engreído, acostumbrado a llorar y conseguir lo que quiere. Ojalá y pierdas la presidencia por pendejo."
            },
            {
                "id_comentario": 5,
                "texto_comentario": "La única cosa que no cuadra aquí es este mamarracho de cartón qué tenemos por presidente, orina a los ecuatorianos y estos medios corruptos nos dicen que está lloviendo! #EllosSonElMiedoNosotrosLaEsoeranza #EllosSonElMiedoNosotrosLaEsoeranza"
            },
            {
                "id_comentario": 6,
                "texto_comentario": "x.com/LupaMediaEC/st\n… … Este es más mentiroso que @LassoGuillermo @LassoGuillermo @LassoGuillermo .. Eso es ser recontra que mentiroso"
            },
            {
                "id_comentario": 7,
                "texto_comentario": "Pero si este sujeto #Nobita #Nobita caradura sinvergüenza es el abanderado de la delincuencia y la corrupción 100%"
            },
            {
                "id_comentario": 8,
                "texto_comentario": "El tener indaves es aceptar su error, las últimas declaraciones de él y sus ministros fue un detonante para el cambio de intención de voto, no hay políticas claras y su equipo de campaña no conoce la realidad del pueblo"
            },
            {
                "id_comentario": 9,
                "texto_comentario": "Jajajajajajaja el mini dictador es lo único que le queda decir pues ya perdió nunca espero que por los malos resultados y por opresor la gente lo mandara para su casa sin nada \nVAMOS LUISA PRESIDENTA"
            },
            {
                "id_comentario": 10,
                "texto_comentario": "Completamente Falso | Sobre las elecciones: \"Han habido muchísimas irregularidades y seguíamos contando, seguíamos revisando en ciertas provincias que habían cosas que no cuadraban. Incluso no cuadraban con el conteo rápido de la OEA, el cual nos ponía con una cifra mayor\" \n\nLa Misión de Observación de la Organización de Estados Americanos, informó que los datos de su conteo rápido coinciden con los datos presentados oficialmente por el Consejo Nacional Electoral, \"manteniéndose dentro del margen de error\".\n\nFuente: Completamente Falso | Sobre las elecciones: \"Han habido muchísimas irregularidades y seguíamos contando, seguíamos revisando en ciertas provincias que habían cosas que no cuadraban. Incluso no cuadraban con el conteo rápido de la OEA, el cual nos ponía con una cifra mayor\" La Misión de Observación de la Organización de Estados Americanos, informó que los datos de su conteo rápido coinciden con los datos presentados oficialmente por el Consejo Nacional Electoral, \"manteniéndose dentro del margen de error\". Fuente: oas.org/es/centro_noti\n… oas.org/es/centro_noti … …"
            },
            {
                "id_comentario": 11,
                "texto_comentario": "ÓSEA TU MISMO PORQUE TU TE DABAS DE GANADOR. @DanielNoboaOk @DanielNoboaOk @DanielNoboaOk LO QUE NO TE CUADRÓ FUE QUE EXIPOLL TE FALLÓ."
            },
            {
                "id_comentario": 12,
                "texto_comentario": "Ni para mentir sirve este  evasor de impuestos y de la verdad"
            },
            {
                "id_comentario": 13,
                "texto_comentario": "Completamente Falso | Sobre las elecciones: \"Han habido muchísimas irregularidades y seguíamos contando, seguíamos revisando en ciertas provincias que habían cosas que no cuadraban. Incluso no cuadraban con el conteo rápido de la OEA, el cual nos ponía con una cifra mayor\" \n\nLa Misión de Observación de la Organización de Estados Americanos, informó que los datos de su conteo rápido coinciden con los datos presentados oficialmente por el Consejo Nacional Electoral, \"manteniéndose dentro del margen de error\".\n\nFuente: Completamente Falso | Sobre las elecciones: \"Han habido muchísimas irregularidades y seguíamos contando, seguíamos revisando en ciertas provincias que habían cosas que no cuadraban. Incluso no cuadraban con el conteo rápido de la OEA, el cual nos ponía con una cifra mayor\" La Misión de Observación de la Organización de Estados Americanos, informó que los datos de su conteo rápido coinciden con los datos presentados oficialmente por el Consejo Nacional Electoral, \"manteniéndose dentro del margen de error\". Fuente: oas.org/es/centro_noti\n… oas.org/es/centro_noti … …"
            },
            {
                "id_comentario": 14,
                "texto_comentario": "Cuando hay un idiota en el poder, es porque  los que votaron por el, se sienten bien representados"
            },
            {
                "id_comentario": 15,
                "texto_comentario": "Ni para mentir sirve este  evasor de impuestos y de la verdad"
            }
        ]
    },
    {
        "id_post": 7,
        "candidato": "Daniel_Noboa",
        "usuario": "@Primicias",
        "fecha": "2025-02-12T22:16:14.000Z",
        "texto": "#Elecciones2025 | En 2025, la Revolución Ciudadana logró captar 1,1 millones de votos extra, en comparación a la primera vuelta de 2023; mientras que Daniel Noboa consiguió 2,1 millones adicionales. \nprim.ec/Jy4S50UYYH0\n\n#Elecciones2025ec",
        "comentarios": [
            {
                "id_comentario": 1,
                "texto_comentario": "NO LES RESULTÓ EL FRAUDE .  PURA SAPADA POR TODO LADO :  EXIT POLL  Y MUCHAS ACTAS CON INCONSISTENCIAS. ESTA VEZ SERÁ MUY DIFERENTE . NI SAPADAS NI FRAUDE ."
            },
            {
                "id_comentario": 2,
                "texto_comentario": "Lindo pero, solo olvidan que de quien se alegran que tuvo más votos no respeta la constitución, dictamen de una jueza, coloca a dedo una vicepresidenta,miente que quienes votaron por Luisa fueron amenazas,incumplió promesas de campaña...sigo?y se alegra está prensa?"
            },
            {
                "id_comentario": 3,
                "texto_comentario": "TROOLLS CDTM"
            },
            {
                "id_comentario": 4,
                "texto_comentario": "TROOLLS CDTM"
            },
            {
                "id_comentario": 5,
                "texto_comentario": "#LuisaMentirosa #LuisaMentirosa #LuisaMentirosa #LuisaMentirosa #LuisaMentirosa #LuisaMentirosa #LuisaMentirosa #LuisaMentirosa #LuisaMentirosa #LuisaMentirosa #LuisaMentirosa #LuisaMentirosa #LuisaMentirosa #LuisaMentirosa #LuisaMentirosa #LuisaMentirosa #LuisaMentirosa #LuisaMentirosa"
            },
            {
                "id_comentario": 6,
                "texto_comentario": "NOBOA PRESIDENTE"
            },
            {
                "id_comentario": 7,
                "texto_comentario": "@BancoPacificoEC @BancoPacificoEC @BancoPacificoEC Demándame no pierdas el tiempo citando banco extorsionador que se burlan de sus seguridades.\nAsí vas a tener @superbancosEC @superbancosEC @superbancosEC @CJudicaturaEc @CJudicaturaEc @CJudicaturaEc @RobertoRomeroV @RobertoRomeroV @RobertoRomeroV @DanielNoboaOk @DanielNoboaOk @DanielNoboaOk cuidado y en estas elecciones por este tipo de banca pública es que tienen superávit de 127"
            },
            {
                "id_comentario": 8,
                "texto_comentario": "TROOLLS CDTM"
            }
        ]
    },
    {
        "id_post": 8,
        "candidato": "Daniel_Noboa",
        "usuario": "@teleamazonasec",
        "fecha": "2025-04-10T14:14:23.000Z",
        "texto": "#ENTREVISTAS | \"Falta madurez en la clase política de Ecuador \". Carlos Aguinaga, expresidente del Tribunal Supremo Electoral (TSE), habla del balotaje entre Daniel Noboa y Luisa González. \now.ly/ULlC50VybZh",
        "comentarios": [
            {
                "id_comentario": 1,
                "texto_comentario": "La falta de PROFESIONALISMO, hace a teleamazonas vaya a sacar de los sarcófagos a las momias indecentes e ignorantes!!"
            },
            {
                "id_comentario": 2,
                "texto_comentario": "Falta dice..y en donde sobra Cucho Mira Aqui en USA Donald Trump Fichas por la Policia ahora es Presidente. Y dice Falta.  Payasada que se lee y escucha."
            },
            {
                "id_comentario": 3,
                "texto_comentario": "Las propuestas socialistas de @LuisaGonzalezEc @LuisaGonzalezEc @LuisaGonzalezEc son una invitación a la ruina económica, como lo que vemos en Venezuela bajo Maduro. #NuncaMas #NuncaMas"
            },
            {
                "id_comentario": 4,
                "texto_comentario": "Las propuestas socialistas de @LuisaGonzalezEc @LuisaGonzalezEc @LuisaGonzalezEc son una invitación a la ruina económica, como lo que vemos en Venezuela bajo Maduro. #NuncaMas #NuncaMas"
            },
            {
                "id_comentario": 5,
                "texto_comentario": "La falta de PROFESIONALISMO, hace a teleamazonas vaya a sacar de los sarcófagos a las momias indecentes e ignorantes!!"
            },
            {
                "id_comentario": 6,
                "texto_comentario": "Falta dice..y en donde sobra Cucho Mira Aqui en USA Donald Trump Fichas por la Policia ahora es Presidente. Y dice Falta.  Payasada que se lee y escucha."
            },
            {
                "id_comentario": 7,
                "texto_comentario": "Las propuestas socialistas de @LuisaGonzalezEc @LuisaGonzalezEc @LuisaGonzalezEc son una invitación a la ruina económica, como lo que vemos en Venezuela bajo Maduro. #NuncaMas #NuncaMas"
            },
            {
                "id_comentario": 8,
                "texto_comentario": "Las propuestas socialistas de @LuisaGonzalezEc @LuisaGonzalezEc @LuisaGonzalezEc son una invitación a la ruina económica, como lo que vemos en Venezuela bajo Maduro. #NuncaMas #NuncaMas"
            }
        ]
    },
    {
        "id_post": 9,
        "candidato": "Daniel_Noboa",
        "usuario": "@teleamazonasec",
        "fecha": "2025-02-10T06:05:00.000Z",
        "texto": "#ATENCIÓN | Resultados oficiales de las #Elecciones2025Ec   del domingo 9 de febrero de 2025 en Ecuador. Escrutinio de Daniel Noboa y de Luisa González por provincias \now.ly/PUbL50UWugi",
        "comentarios": [
            {
                "id_comentario": 1,
                "texto_comentario": "Quedaron como payasos"
            },
            {
                "id_comentario": 2,
                "texto_comentario": "Xf..la señal via Google no sale en el celular revisar ....."
            },
            {
                "id_comentario": 3,
                "texto_comentario": "Que raro en la mayoría de provincias gana Noboa qué raro que solo le pase con 1% a Luisa"
            },
            {
                "id_comentario": 4,
                "texto_comentario": "Los monos no tienen que quejarse de la arremetida dela narco delincuencia política, eso es lo que les gusta!"
            },
            {
                "id_comentario": 5,
                "texto_comentario": "Por favor a la persona q esta para presidenta del Ecuador, tengan cuidado, si gana estaremos gobernados por Maduro y Correa seria al acabose de mi lindo Ecuador, viva el Ecuador"
            },
            {
                "id_comentario": 6,
                "texto_comentario": "Con esa imagen parecen más binomio que rivales."
            },
            {
                "id_comentario": 7,
                "texto_comentario": "@DianaAtamaint @DianaAtamaint @DianaAtamaint algo están haciendo mal ... Sólo falta el 8% y están empatados? Las encuestas dicen ooootra cosa"
            },
            {
                "id_comentario": 8,
                "texto_comentario": "Pobre ec no sabe que es vivir en socialismo"
            },
            {
                "id_comentario": 9,
                "texto_comentario": "Vamos Luiza que estamos en victoria"
            },
            {
                "id_comentario": 10,
                "texto_comentario": "Primer se debe recontar y revisar las actas, no puede proclamar el CNE TODAVÍA"
            }
        ]
    },
    {
        "id_post": 10,
        "candidato": "Daniel_Noboa",
        "usuario": "@teleamazonasec",
        "fecha": "2025-02-18T12:37:30.000Z",
        "texto": "#ENTREVISTA | \"La expectativa era mayor. No estaba basada en un triunfalismo sino en informaciones confiables\", afirma Roberto Izurieta, exsecretario de Comunicación de la Presidencia \now.ly/o51S50V1TMX",
        "comentarios": [
            {
                "id_comentario": 1,
                "texto_comentario": "#ENTREVISTA #ENTREVISTA | \"Estamos politizando cosas que el Ecuador no ha resuelto\", dice Roberto Izurieta, sobre la licencia para realizar campaña en Ecuador ow.ly/o51S50V1TMX"
            },
            {
                "id_comentario": 2,
                "texto_comentario": "No deben buscar a Leónidas Iza el no pueden controlar su porcentaje de votación porque no es endosable muchos No le creen a la RC de eso hay que  sacar provecho"
            }
        ]
    },
    {
        "id_post": 11,
        "candidato": "Daniel_Noboa",
        "usuario": "@EFEnoticias",
        "fecha": "2025-09-20T20:44:27.000Z",
        "texto": "El presidente de Ecuador, Daniel Noboa, convoca nuevamente a un referéndum para que los ecuatorianos se pronuncien sobre la instauración de una Asamblea Constituyente que redacte una nueva carta magna.\nefe.com/mundo/2025-09-\n…",
        "comentarios": [
            {
                "id_comentario": 1,
                "texto_comentario": "Si lo propone @petrogustavo @petrogustavo @petrogustavo le dicen dictador, si los propone la ultraderecha es democracia. @MariaFdaCabal @MariaFdaCabal @MariaFdaCabal @AlvaroUribeVel @AlvaroUribeVel @AlvaroUribeVel @PalomaValenciaL @PalomaValenciaL @PalomaValenciaL @PaolaHolguin @PaolaHolguin @PaolaHolguin"
            },
            {
                "id_comentario": 2,
                "texto_comentario": "Yo soy ecuatoriano y vivo en Ecuador. \nY estoy cansado de Daniel Noboa. \nNo soporto un tipo tan despreciable como Daniel Noboa. \nNo hay seguridad. \nNo hay medicinas. \nNo hay empleo. \nPero gasta nuestro dinero en consultas que no sirven para nada."
            },
            {
                "id_comentario": 3,
                "texto_comentario": "Otro facho siguiendo el sendero de Bukele. Otro que acabará mal."
            }
        ]
    },
    {
        "id_post": 12,
        "candidato": "Daniel_Noboa",
        "usuario": "@ElPulsoEc",
        "fecha": "2025-01-15T15:36:40.000Z",
        "texto": " DANIEL NOBOA LIDERA LA INTENCIÓN DE VOTO EN LAS ELECCIONES 2025 CON EL 36,1%.\n\nSegún la encuestadora Comunicaliza, Daniel Noboa tiene el 36,1% de intención de voto; le sigue Luisa González, con 33%; Leonidas Iza, con 2%; y el resto de candidatos no llega ni al 1%.",
        "comentarios": [
            {
                "id_comentario": 1,
                "texto_comentario": "Don Geovanny López no sabe ya cómo hacer para que la gente crea senda huevada de nota jajaja la realidad es que le están dando 10 puntos al dictador"
            },
            {
                "id_comentario": 2,
                "texto_comentario": "@luisagonzalezec @luisagonzalezec @luisagonzalezec"
            },
            {
                "id_comentario": 3,
                "texto_comentario": "Trools cdtm"
            },
            {
                "id_comentario": 4,
                "texto_comentario": "Trools cdtm"
            },
            {
                "id_comentario": 5,
                "texto_comentario": "Siempre lo digo; si Uds muestran este tipo de \"encuestas\" es porque @DanielNoboaOk @DanielNoboaOk @DanielNoboaOk no llega ni al 26% y @LuisaGonzalezEc @LuisaGonzalezEc @LuisaGonzalezEc está por encima del 42% y eso lo doy por hecho. Van a perder en una sola vuelta"
            },
            {
                "id_comentario": 6,
                "texto_comentario": "Don Geovanny López no sabe ya cómo hacer para que la gente crea senda huevada de nota jajaja la realidad es que le están dando 10 puntos al dictador"
            },
            {
                "id_comentario": 7,
                "texto_comentario": "@luisagonzalezec @luisagonzalezec @luisagonzalezec"
            },
            {
                "id_comentario": 8,
                "texto_comentario": "Trools cdtm"
            },
            {
                "id_comentario": 9,
                "texto_comentario": "Trools cdtm"
            },
            {
                "id_comentario": 10,
                "texto_comentario": "Siempre lo digo; si Uds muestran este tipo de \"encuestas\" es porque @DanielNoboaOk @DanielNoboaOk @DanielNoboaOk no llega ni al 26% y @LuisaGonzalezEc @LuisaGonzalezEc @LuisaGonzalezEc está por encima del 42% y eso lo doy por hecho. Van a perder en una sola vuelta"
            }
        ]
    },
    {
        "id_post": 13,
        "candidato": "Daniel_Noboa",
        "usuario": "@EcuavisaInforma",
        "fecha": "2025-04-14T00:16:02.000Z",
        "texto": "#Elecciones2025  | Con corte a las 19:10 y con el 71,82 % de actas válidas a escala nacional, Daniel Noboa tiene 56,31 % y Luisa González 43,69 %. \n\nSigue el minuto a minuto  \nbit.ly/3EItkYI",
        "comentarios": [
            {
                "id_comentario": 1,
                "texto_comentario": "Irreversible!!! No les funcionó el fraude esta vuelta !! #NoboaPresidente2025 #NoboaPresidente2025"
            },
            {
                "id_comentario": 2,
                "texto_comentario": "Son tan extraños esos resultados..."
            },
            {
                "id_comentario": 3,
                "texto_comentario": "Felicitaciones ganó La argolla de siempre ,Y Hoy está señora en Cadena Nacional en vivo,solo en este país pasa esto,,Justicias Selectiva !!"
            },
            {
                "id_comentario": 4,
                "texto_comentario": "Felicitaciones ganó La argolla de siempre ,Y Hoy está señora en Cadena Nacional en vivo,solo en este país pasa esto,,Justicias Selectiva !!"
            },
            {
                "id_comentario": 5,
                "texto_comentario": "Que raro ya está subiendo esa tipa así nos robaron la primera vuelta …"
            }
        ]
    },
    {
        "id_post": 14,
        "candidato": "Daniel_Noboa",
        "usuario": "@EcEnDirecto",
        "fecha": "2025-08-07T22:00:47.000Z",
        "texto": "#POLÍTICA\nEl presidente Daniel Noboa propuso reducir el número de asambleístas de 151 a 71 mediante la cuarta pregunta de la Consulta Popular presentada el 5 de agosto de 2025. La reforma, que sería aplicable en las próximas elecciones si es aprobada, busca mantener la representatividad provincial y poblacional, asignando escaños según el censo. El Gobierno argumenta que la medida fortalecería el trabajo legislativo y responde al deseo ciudadano de cambiar un sistema saturado. La propuesta cuenta con el respaldo de ADN, PSC y parte de Pachakutik.\n\nMás información \nlc.cx/LuyPGA",
        "comentarios": [
            {
                "id_comentario": 1,
                "texto_comentario": "Esta es una buena jugada para bajarse a la RC"
            }
        ]
    },
    {
        "id_post": 15,
        "candidato": "Daniel_Noboa",
        "usuario": "@teleamazonasec",
        "fecha": "2024-08-29T12:58:11.000Z",
        "texto": "#ENTREVISTA | \"Tenemos un CNE bastante funcional con el presidente (Daniel Noboa)\", afirma Martín Pallares, articulista de diario Expreso \now.ly/YwXk50T9FvY",
        "comentarios": [
            {
                "id_comentario": 1,
                "texto_comentario": "#ENTREVISTA #ENTREVISTA | Martín Pallares: \"No descarto que algún candidato, como Leonidas Iza, se sume a la propuesta del correísmo o alguna candidatura de izquierda\" ow.ly/YwXk50T9FvY"
            },
            {
                "id_comentario": 2,
                "texto_comentario": "#ENTREVISTA #ENTREVISTA | Martín Pallares: \"El discurso de Rafael Correa, centrado casi exclusivamente en su regreso, está cansando\" ow.ly/YwXk50T9FvY"
            }
        ]
    },
    {
        "id_post": 16,
        "candidato": "Daniel_Noboa",
        "usuario": "@revistavistazo",
        "fecha": "2025-05-22T19:20:32.000Z",
        "texto": "#PosesiónDanielNoboa | El presidente de Colombia, Gustavo #Petro, asistirá a la ceremonia de investidura de Noboa, pese a que en un principio no reconoció su triunfo en las elecciones de abril  \nv.vistazo.com/45k4REr",
        "comentarios": [
            {
                "id_comentario": 1,
                "texto_comentario": "Jóvenes, miren lo que hace la droga.."
            },
            {
                "id_comentario": 2,
                "texto_comentario": "Infiltrado Petro, El Presidente Noboa no se debería confiar ."
            },
            {
                "id_comentario": 3,
                "texto_comentario": "Le fallo la llamada al lelo?"
            },
            {
                "id_comentario": 4,
                "texto_comentario": "De verdad? Cerrarán bien las casas, los bancos."
            },
            {
                "id_comentario": 5,
                "texto_comentario": "No le contesto la llamada al arauz"
            },
            {
                "id_comentario": 6,
                "texto_comentario": "Sr presidente Daniel NOBOA no se acerque mucho a este terrorista M19 \n\nAlguna trastada va a a cometer"
            },
            {
                "id_comentario": 7,
                "texto_comentario": "Wakala"
            },
            {
                "id_comentario": 8,
                "texto_comentario": "No lo queremos aquí."
            },
            {
                "id_comentario": 9,
                "texto_comentario": "Pero que no traiga su vicio no más"
            },
            {
                "id_comentario": 10,
                "texto_comentario": "Ijueee el lelo arauz, se ha olvidado de hablar con este señor… para disponerle que no se presente.."
            },
            {
                "id_comentario": 11,
                "texto_comentario": "Payaso"
            },
            {
                "id_comentario": 12,
                "texto_comentario": "Maduro ha de estar furioso con  Petro!!!!"
            },
            {
                "id_comentario": 13,
                "texto_comentario": "Con tal de pasearse, comer y beber gratis…"
            },
            {
                "id_comentario": 14,
                "texto_comentario": "Jaja sino fuera por Petro solo iria un presidente, hasta un vicioso como Petro siente lástima de Noboam"
            },
            {
                "id_comentario": 15,
                "texto_comentario": "Jóvenes, miren lo que hace la droga.."
            },
            {
                "id_comentario": 16,
                "texto_comentario": "Infiltrado Petro, El Presidente Noboa no se debería confiar ."
            },
            {
                "id_comentario": 17,
                "texto_comentario": "Le fallo la llamada al lelo?"
            },
            {
                "id_comentario": 18,
                "texto_comentario": "De verdad? Cerrarán bien las casas, los bancos."
            },
            {
                "id_comentario": 19,
                "texto_comentario": "No le contesto la llamada al arauz"
            },
            {
                "id_comentario": 20,
                "texto_comentario": "Sr presidente Daniel NOBOA no se acerque mucho a este terrorista M19 \n\nAlguna trastada va a a cometer"
            },
            {
                "id_comentario": 21,
                "texto_comentario": "Wakala"
            },
            {
                "id_comentario": 22,
                "texto_comentario": "No lo queremos aquí."
            },
            {
                "id_comentario": 23,
                "texto_comentario": "Pero que no traiga su vicio no más"
            },
            {
                "id_comentario": 24,
                "texto_comentario": "Ijueee el lelo arauz, se ha olvidado de hablar con este señor… para disponerle que no se presente.."
            },
            {
                "id_comentario": 25,
                "texto_comentario": "Payaso"
            },
            {
                "id_comentario": 26,
                "texto_comentario": "Maduro ha de estar furioso con  Petro!!!!"
            },
            {
                "id_comentario": 27,
                "texto_comentario": "Con tal de pasearse, comer y beber gratis…"
            },
            {
                "id_comentario": 28,
                "texto_comentario": "Jaja sino fuera por Petro solo iria un presidente, hasta un vicioso como Petro siente lástima de Noboam"
            }
        ]
    },
    {
        "id_post": 17,
        "candidato": "Daniel_Noboa",
        "usuario": "@revistavistazo",
        "fecha": "2025-04-20T14:02:29.000Z",
        "texto": "#LoMásLeído |  La vicepresidenta electa, María José Pinto, ha tomado protagonismo con mensajes llamando a la unidad. Antes de dar el pasó a la política era ejecutiva en su compañía familiar, Empresas Pinto. ¿En qué coincide con Daniel Noboa?  \nv.vistazo.com/3YymM68",
        "comentarios": [
            {
                "id_comentario": 1,
                "texto_comentario": "BUENA NOTICIA, CUANTO DEBE AL SRI"
            },
            {
                "id_comentario": 2,
                "texto_comentario": "Requisitos para estar en ADN, deberle millones al SRI, tener juicios por falta de pagos a jubilados, tener vínculos con el narco, ser de extrema derecha, venir de familias explotadoras, venderse por unos cuantos millones y ser parte del circo"
            },
            {
                "id_comentario": 3,
                "texto_comentario": "Que les una a sus extrabajadores y les pague primero."
            },
            {
                "id_comentario": 4,
                "texto_comentario": "Dios les bendiga, a demostrar que el Socialismo solo hunde a la miseria a los países"
            },
            {
                "id_comentario": 5,
                "texto_comentario": "Te faltó , empresaria textil evasora de impuestos y explotadora laboral con cientos de juicios laborales  se une al mayor evasor de impuestos del país entre los dos puntean entre los 4 más grandes evasores del país. Excelente"
            },
            {
                "id_comentario": 6,
                "texto_comentario": "Coinciden en no pagar indemnizaciones a los ex trabajadores y evadir impuestos"
            },
            {
                "id_comentario": 7,
                "texto_comentario": "La empresaria textil la cual su familia optó por llevarse su negocio a Perú para no pagar impuestos en ecuador. La empresaria que debe al SRI. Revista vistazo en decadencia"
            },
            {
                "id_comentario": 8,
                "texto_comentario": "COINCIDEN en que los dos son EVASORES y EXPLOTADORES LABORAL \nDios los crea y ellos ni cojudos se juntan para beneficiarse de los deberes del pueblo\nS I N V E R G U E N Z A S"
            }
        ]
    },
    {
        "id_post": 18,
        "candidato": "Daniel_Noboa",
        "usuario": "@EcuavisaInforma",
        "fecha": "2025-04-21T13:24:11.000Z",
        "texto": "#LaNoticiaAFondo  | Desde el retorno a la democracia, esta es la primera vez que un presidente gana en #SegundaVuelta y que tiene una Asamblea a su favor. Daniel Noboa tendrá un contexto favorable para la gobernabilidad.  \nbit.ly/4cGQAmQ",
        "comentarios": [
            {
                "id_comentario": 1,
                "texto_comentario": "Lo que le espera a esa señora otra más de la lista como la señora Verónica"
            },
            {
                "id_comentario": 2,
                "texto_comentario": "Listo, ya no hay pretextos."
            },
            {
                "id_comentario": 3,
                "texto_comentario": "Ojalá algo por el país, y esperemos por el bien de todos que este Sr no se declare dictador porque tiene ese perfil"
            },
            {
                "id_comentario": 4,
                "texto_comentario": "Siempre nombrando a Correa culpando y srñalandolo por todo......que  será que se olvidan del gobierno del Mashi? Que gobernó con el apoyo mayoritario del Ecuador con gran número de asambleístas!"
            },
            {
                "id_comentario": 5,
                "texto_comentario": "Yo creo que máximo el Cartón la soporta 2 anos a la Vice y de ahí le aplica la misma narrativa que a la anterior Vice, solo hace un copia y pega, porque hasta para eso les da pereza inventarse otro motivo.\n\nEso si es que antes de los dos años el pueblo se cansa, y se van los dos."
            },
            {
                "id_comentario": 6,
                "texto_comentario": "Huevadas q le espera el país"
            },
            {
                "id_comentario": 7,
                "texto_comentario": "Comprando asambleístas .....pero bueno ya con la asamblea a su favor y las instituciones a su lado ya no tendrá de excusa el \"es culpa de correa\"cierto"
            },
            {
                "id_comentario": 8,
                "texto_comentario": "Mega fraude, sinvergüenzas.\nReconteo de votos publicamente."
            },
            {
                "id_comentario": 9,
                "texto_comentario": "Sin embargo lo único que hará es destruir el país. Háganse responsables de esto los #noboalovers #noboalovers"
            },
            {
                "id_comentario": 10,
                "texto_comentario": "Ojalá el cartón boboa sinvergüenza no le envié a Ucrania a vicepresidenta Pinto como lo ISO con la sra Verónica Abad pisoteando todos los estatutos ,y se ríe ,y compra todo este cartón boboa."
            },
            {
                "id_comentario": 11,
                "texto_comentario": "Ojala le vea las transacciones al Roca que trato que gane la perra esa eh?."
            }
        ]
    },
    {
        "id_post": 19,
        "candidato": "Daniel_Noboa",
        "usuario": "@eluniversocom",
        "fecha": "2025-04-21T12:48:32.000Z",
        "texto": "#MineríaEcuador | María Eulalia Silva, presidenta de la Cámara de Minería del Ecuador, estimó que las exportaciones mineras en 2025 bordearán los $ 3.500 millones.\now.ly/y0lI50VEGSH",
        "comentarios": [
            {
                "id_comentario": 1,
                "texto_comentario": "Ojalá huequeen en la sierra por hps. Porque es un hecho que van a concesionar esos proyectos mineros a gran escala hasta robarse el último gramo de oro. Bien votado"
            },
            {
                "id_comentario": 2,
                "texto_comentario": "Ojala tengan el debido proceso, como es el respeto a la naturaleza y la respectiva consulta a los pobladores, esto proyectos deben tener fiscalización de la asamblea  para su correcto aplicación si llegan a concretarse."
            },
            {
                "id_comentario": 3,
                "texto_comentario": "Y cuánto queda para los ecuatorianos? Perdón! Digo, para mafia Noboa? Porque ya sabemos que van a esquilmar al país."
            },
            {
                "id_comentario": 4,
                "texto_comentario": "Básicamente, todos los recursos se iran fuera del Ecuador y te dejaran migajas, y tendrás que estar agradecido por ello."
            },
            {
                "id_comentario": 5,
                "texto_comentario": "No sirve de nada ...a dónde irá ese dinero...porque acá no creo #nosgobiernandelincuentes #nosgobiernandelincuentes #noboatrading #noboatrading"
            },
            {
                "id_comentario": 6,
                "texto_comentario": "Qué porcentaje de todos los beneficios se lleva el Ecuador ?"
            },
            {
                "id_comentario": 7,
                "texto_comentario": "Ojalá huequeen en la sierra por hps. Porque es un hecho que van a concesionar esos proyectos mineros a gran escala hasta robarse el último gramo de oro. Bien votado"
            },
            {
                "id_comentario": 8,
                "texto_comentario": "Ojala tengan el debido proceso, como es el respeto a la naturaleza y la respectiva consulta a los pobladores, esto proyectos deben tener fiscalización de la asamblea  para su correcto aplicación si llegan a concretarse."
            },
            {
                "id_comentario": 9,
                "texto_comentario": "Y cuánto queda para los ecuatorianos? Perdón! Digo, para mafia Noboa? Porque ya sabemos que van a esquilmar al país."
            },
            {
                "id_comentario": 10,
                "texto_comentario": "Básicamente, todos los recursos se iran fuera del Ecuador y te dejaran migajas, y tendrás que estar agradecido por ello."
            },
            {
                "id_comentario": 11,
                "texto_comentario": "No sirve de nada ...a dónde irá ese dinero...porque acá no creo #nosgobiernandelincuentes #nosgobiernandelincuentes #noboatrading #noboatrading"
            },
            {
                "id_comentario": 12,
                "texto_comentario": "Qué porcentaje de todos los beneficios se lleva el Ecuador ?"
            }
        ]
    },
    {
        "id_post": 20,
        "candidato": "Daniel_Noboa",
        "usuario": "@notimundoec",
        "fecha": "2025-05-15T14:49:33.000Z",
        "texto": " #AHORA | \"Hemos derrumbado obstáculos que parecían difíciles de superar\", resalta Daniel Noboa, al recibir las credenciales de presidente de la República para el período 2025 - 2029. ",
        "comentarios": [
            {
                "id_comentario": 1,
                "texto_comentario": "RC5  SOMOS RESISTENCIA les duele a quien les duela"
            },
            {
                "id_comentario": 2,
                "texto_comentario": "Sí, seguro, cómo la justicia y la deuda que mantiene con el estado:"
            },
            {
                "id_comentario": 3,
                "texto_comentario": "Un mejor futuro para la familia Noboa y su círculo será!\nPorque en Ecuador reina la inseguridad, desempleo, economía en decrecimiento, miseria, pobreza, muertes, extorsiones, secuestros!"
            },
            {
                "id_comentario": 4,
                "texto_comentario": "#LaCulpaYaNoEsDeCorrea #LaCulpaYaNoEsDeCorrea CON DINERO TODO SE PUEDE COMPRAR CNE TCE COMPRAR ASAMBLEISTAS ETC * EL DINERO DERRUMBA OBSTACULOS* LO MAL HABIDO SE VA RAPIDO... NOS FUIMOS A LA MIER"
            },
            {
                "id_comentario": 5,
                "texto_comentario": "Sí, seguro, cómo la justicia y la deuda que mantiene con el estado:"
            },
            {
                "id_comentario": 6,
                "texto_comentario": "PAYASO CON FRAUDE CUALQUEIRA ES PRESIDENTE"
            },
            {
                "id_comentario": 7,
                "texto_comentario": "El único obstáculo superado es el récord del presidente que más veces ha viajado por el mundo en tan solo un año utilizando el avión socialista."
            },
            {
                "id_comentario": 8,
                "texto_comentario": "@grok @grok @grok qual ideologia de Daniel noboa?"
            }
        ]
    },
    {
        "id_post": 21,
        "candidato": "Daniel_Noboa",
        "usuario": "@eluniversocom",
        "fecha": "2025-10-12T22:40:12.000Z",
        "texto": "Ecuador debate una asamblea constituyente: una nueva constitución podría votarse en las seccionales de 2027. \now.ly/QT5E50Xaiqk",
        "comentarios": [
            {
                "id_comentario": 1,
                "texto_comentario": "Es lo mas sano para el Ecuador ahora que se ha volcado la delincuencia en la patria. Jueces, delincuentes, narcotraficantes, asesinos están en el mismo saco. Hay que hacer una constitución fuerte, vigorosa contra el crimen organizado"
            }
        ]
    },
    {
        "id_post": 22,
        "candidato": "Daniel_Noboa",
        "usuario": "@ElDatoEcua",
        "fecha": "2024-12-08T18:28:18.000Z",
        "texto": "#Urgente NOBOA LIDERA LAS ENCUESTAS PARA LAS ELECCIONES 2025.\n\nSegún la Encuestadora Tino Electoral - Daniel Noboa lidera la intención de voto presidencial.\n\n Daniel Noboa 36% \n Luisa González 32% \n Nulo 13%\n Blanco 8%",
        "comentarios": [
            {
                "id_comentario": 1,
                "texto_comentario": "Creo que algunos Florindos pusieron me gusta en mi post..\nCreo que no se dieron cuenta , que hasta para sumar valen es vrg"
            },
            {
                "id_comentario": 2,
                "texto_comentario": "Jajajaja, ahí éste hdp ,que publica esta barbaridad le desafío una apuesta!!!!....ese mamarracho de cartón, no pasa a la segunda vuelta!!!!.....porque no habrá.....LUISA GONZALEZ GANARÁ EN UNA SOLA VUELTA!!!!....VIVA LA REVOLUCIÓN CIUDADANA CARAJOOOOO!!!!!"
            },
            {
                "id_comentario": 3,
                "texto_comentario": "Hasta ahora no puedo creer que esa basura de la prostituta tenga 32% de donde ni trabaja esa falsa mentirosa."
            },
            {
                "id_comentario": 4,
                "texto_comentario": "YO SI LE CREO A ROBITA, PORQUE YO TAMBIÉN SE MENTIR... DANIELASSO ES GUILLERNOBOA OTRO MITOMANO, COMPROBADO, NACIDOS EL UNO PARA EL OTRO, PAR DE INÚTILES."
            },
            {
                "id_comentario": 5,
                "texto_comentario": "JA JA JA JA esas encuests solo en radio sucre, TC, teleamazonas etc etc ... xq la realidad es totaomente lo contrario ya np saben como manipular eatos pauteros"
            },
            {
                "id_comentario": 6,
                "texto_comentario": "Luisa no pasa a la segunda, es encuesta de la RC"
            },
            {
                "id_comentario": 7,
                "texto_comentario": "Aquí lo preocupante es que aún existe ese 32% que aún quiera votar por esa escoria, asquerosa de la RC5. Después de todo el daño que le han hecho país, cuánto no se han llenado los bolsillos y feriado el dinero del Ecuador."
            },
            {
                "id_comentario": 8,
                "texto_comentario": "@DanielNoboaOk @DanielNoboaOk @DanielNoboaOk es un claro ejemplo de constancia y responsabilidad por la mejoría del país"
            },
            {
                "id_comentario": 9,
                "texto_comentario": "vm.tiktok.com/ZMk8Co891/"
            },
            {
                "id_comentario": 10,
                "texto_comentario": "Jajaja llegó el pago del mes dicen"
            },
            {
                "id_comentario": 11,
                "texto_comentario": "Lo más triste para el correismo que Noboa lidera elecciones aún con las dificultades eléctricas que están pasando el país, una vez solucionado todo va a subir y ya el prófugo salió asustado a decir que Noboa solo quiere robar y bla bla  y la réplica de Noboa lo dejó KO"
            },
            {
                "id_comentario": 12,
                "texto_comentario": "Cómo manejan y juegan con el cerebro del pueblo  , al mismo que lo ponen a pelear por esta política de a ver ... ."
            },
            {
                "id_comentario": 13,
                "texto_comentario": "La implicación de Jorge Brizuela Guevara, alias el \"Venezolano\", en la campaña de @LuisaGonzalezEc @LuisaGonzalezEc @LuisaGonzalezEc es un claro indicio de cómo la corrupción puede infiltrarse en la política. ¡Necesitamos respuestas"
            },
            {
                "id_comentario": 14,
                "texto_comentario": "La implicación de Jorge Brizuela Guevara, alias el \"Venezolano\", en la campaña de @LuisaGonzalezEc @LuisaGonzalezEc @LuisaGonzalezEc es un claro indicio de cómo la corrupción puede infiltrarse en la política. ¡Necesitamos respuestas"
            },
            {
                "id_comentario": 15,
                "texto_comentario": "Que linda desinformación"
            }
        ]
    },
    {
        "id_post": 23,
        "candidato": "Daniel_Noboa",
        "usuario": "@kchradio",
        "fecha": "2024-08-19T23:22:05.000Z",
        "texto": "Polibio Córdova, presidente ejecutivo de CEDATOS, afirmó que si las elecciones se realizaran en este momento, Daniel Noboa ganaría las elecciones de 2025 ¡ EN UNA SOLA VUELTA ! debido a su alta popularidad y la buena administración de su gobierno ",
        "comentarios": [
            {
                "id_comentario": 1,
                "texto_comentario": "Y quien le puede creer a l mercader de las encuestas?  NUNCA PEGÓ UNA. LO ÚNICO QUE SABE ES ESPECULAR."
            },
            {
                "id_comentario": 2,
                "texto_comentario": "Claramente tiene un problema mental en que país vive"
            },
            {
                "id_comentario": 3,
                "texto_comentario": "Otra rata pagada de los expol amañando escrutinios ...mucho ojo recuperaremos la Tierra el Ecuador"
            },
            {
                "id_comentario": 4,
                "texto_comentario": "¡Todos saben que este FARSANTE ENCUESTADOR, vende su opinión a quien MAS LE PAGA¡.Este presidente de cartón, NO SABE NI LO QUE DICE, NO TIENE NI SIQUIERA LIDERAZGO DENTRO DE SU GABINETE, QUE HACE QUE DIVAGUE CUANDO LE PREGUNTAN QUE DIJO TAL MINISTRO EN SESION."
            },
            {
                "id_comentario": 5,
                "texto_comentario": "Pobre hijueputa se leen huevadas"
            },
            {
                "id_comentario": 6,
                "texto_comentario": "Y en la vuelta real gana topic."
            },
            {
                "id_comentario": 7,
                "texto_comentario": "Alta popularidad!  Éste pobre hdpta"
            },
            {
                "id_comentario": 8,
                "texto_comentario": "De los que creen en el cuco  todavía  .....uno de esos este Sr. Ja ja"
            },
            {
                "id_comentario": 9,
                "texto_comentario": "Si @DanielNoboaOk @DanielNoboaOk @DanielNoboaOk vuelve a ganar, todo lo que pase en el Ecuador será  único y exclusivamente del pueblo ecuatoriano...\nTremendo me tiros, no es nacido en Ecuador, no. Tienes padres ecuatorianos nacidos en el Ecuador, no puede ser presidente y se pasan la constitucion por el..."
            },
            {
                "id_comentario": 10,
                "texto_comentario": "Cedatos es del gobierno q más puede decir pero la gente es la q vota o todo está amarrado"
            },
            {
                "id_comentario": 11,
                "texto_comentario": "ESTÁN PREPARANDO EL FRAUDE. QUIEREN SENTAR EN LA CABEZA DE ALGUNOS IDIOTAS ALGO QUE ES IMPOSIBLE"
            },
            {
                "id_comentario": 12,
                "texto_comentario": "Encuestas falsas ya Uds no engañan"
            },
            {
                "id_comentario": 13,
                "texto_comentario": "Dios lo escuche  . Porque si vuelve el Correísmo, el Pais se iría al caos económico, delincuencial,  persecución política  y venganza por todos lados. Otra Venzuela ."
            },
            {
                "id_comentario": 14,
                "texto_comentario": "Señores. Topic va a dejarlos a todos atras. El va a ganar.  No hay mas"
            },
            {
                "id_comentario": 15,
                "texto_comentario": "Publicar huevadas aquí es gratis."
            },
            {
                "id_comentario": 16,
                "texto_comentario": "De cual habrá fumado"
            },
            {
                "id_comentario": 17,
                "texto_comentario": "Quien le cree\nEse es el caso"
            },
            {
                "id_comentario": 18,
                "texto_comentario": "Ya ni vergüenza le da a este de cesaría seguir cons encuestas chistosas"
            },
            {
                "id_comentario": 19,
                "texto_comentario": "Ahora cuenten una de vaqueros"
            },
            {
                "id_comentario": 20,
                "texto_comentario": "Jajaja"
            },
            {
                "id_comentario": 21,
                "texto_comentario": "Puede ser. Los jovenes deciden. Si no es asi pasa a la segunda vuelta Noboa y Luisa. Y la segunda vuelta gana Noboa"
            },
            {
                "id_comentario": 22,
                "texto_comentario": "Que sabe este anciano ubícate"
            },
            {
                "id_comentario": 23,
                "texto_comentario": "Que le hace pensar a Polibio Córdova que un gobierno que te sube el IVA te sube la gasolina y ahora muy pronto  subirían las planillas de luz va a ganar, yo creo que la gente que voto por el ya no le daría el voto por mentiroso"
            },
            {
                "id_comentario": 24,
                "texto_comentario": "No se diga nada , todo está ya dicho ."
            },
            {
                "id_comentario": 25,
                "texto_comentario": "Cuenten una sola vez que el decrépito de Polibio Cordova haya acertado! Le pagan para que mienta lo hace desde siempre para manipular!"
            },
            {
                "id_comentario": 26,
                "texto_comentario": "Buena administración...cuanto le pagaron para que diga tremenda mentira, los robos, secuestros, asesinatos, desempleo que son es ciego o no quiere ver"
            },
            {
                "id_comentario": 27,
                "texto_comentario": "Claro con un margen de horror del 85%"
            },
            {
                "id_comentario": 28,
                "texto_comentario": "Ya ni vergüenza le da a este de cesaría seguir cons encuestas chistosas"
            }
        ]
    },
    {
        "id_post": 24,
        "candidato": "Daniel_Noboa",
        "usuario": "@elcomerciocom",
        "fecha": "2025-03-16T00:09:30.000Z",
        "texto": "El debate entre los candidatos Luisa González y Daniel Noboa será televisado\nelcomercio.com/actualidad/pol\n…",
        "comentarios": [
            {
                "id_comentario": 1,
                "texto_comentario": "Que irá a mentir el #LLoriconNoboa #LLoriconNoboa"
            },
            {
                "id_comentario": 2,
                "texto_comentario": "Correista"
            },
            {
                "id_comentario": 3,
                "texto_comentario": "Ya no el bobo vela ?"
            },
            {
                "id_comentario": 4,
                "texto_comentario": "No me extrañaría que sea Janeth Hinostroza"
            },
            {
                "id_comentario": 5,
                "texto_comentario": "Ah, ¿será mujer?"
            },
            {
                "id_comentario": 6,
                "texto_comentario": "Ojalá le muñeco de cartón se ponga pilas y le pregunte que poder político usa para traer mercenarios y armamento qué es de uso militar y quien la patrocina para que autorice semejante barbarie pulule libremente en el País y verán como caen algunos que la patrocinan"
            }
        ]
    },
    {
        "id_post": 25,
        "candidato": "Daniel_Noboa",
        "usuario": "@ElDatoEcua",
        "fecha": "2025-04-04T18:07:23.000Z",
        "texto": "#Urgente ¡DANIEL NOBOA LIDERA EL PRIMER LUGAR EN LAS ENCUESTAS TRACKING!\n\nEncuestas realizadas con corte abril 2025 por la Encuestadora Tracking le da el triunfo al candidato Daniel Noboa con el 52.2 % sobre la candidata Luisa González que acumula el 47.8%.  \n\n#ElDato #elecciones2025 #DanielNoboa #ADN7 #LuisaGonzalez #encuestas",
        "comentarios": [
            {
                "id_comentario": 1,
                "texto_comentario": "NOBOA Presidente......aunque aceptarlo te cueste.  !!\n."
            },
            {
                "id_comentario": 2,
                "texto_comentario": "así mismito ganaban en UNA SOLA VUELTA! .\ndon SHARON no comas cuento, ve buscando otro camello antes que te corten el wifi en la peni #NoboaNuncaMás #NoboaNuncaMás"
            },
            {
                "id_comentario": 3,
                "texto_comentario": "Ya dejen de mentir como el cartón de a bolsa"
            },
            {
                "id_comentario": 4,
                "texto_comentario": "así mismito ganaban en UNA SOLA VUELTA! .\ndon SHARON no comas cuento, ve buscando otro camello antes que te corten el wifi en la peni #NoboaNuncaMás #NoboaNuncaMás"
            },
            {
                "id_comentario": 5,
                "texto_comentario": "Ya dejen de mentir como el cartón de a bolsa"
            }
        ]
    },
    {
        "id_post": 26,
        "candidato": "Daniel_Noboa",
        "usuario": "@elcomerciocom",
        "fecha": "2025-04-14T01:54:33.000Z",
        "texto": " \"Ecuador eligió un camino diferente, no quiere regresar al pasado\". Primeras declaraciones de Daniel Noboa como Presidente reelecto del Ecuador \nf.mtr.cool/myiybdfxds",
        "comentarios": [
            {
                "id_comentario": 1,
                "texto_comentario": "Sufran comunistas..sufran"
            },
            {
                "id_comentario": 2,
                "texto_comentario": "Sufran comunistas..sufran"
            },
            {
                "id_comentario": 3,
                "texto_comentario": "Vote por el porque la otra opcion era peor, no espero nada de este inútil"
            },
            {
                "id_comentario": 4,
                "texto_comentario": "JAJAJAJA ECUADOR REGRESA A LOS AÑOS 60 DONDE LAS CLOACAS DE LA INFORMACIÓN PONIAN PRESIDENTE.\nHIJOS DE LA GRAN P..AUTA"
            },
            {
                "id_comentario": 5,
                "texto_comentario": "Ya ya si si ponte a trabajar entonces, ya ganaste… ahora no hay pretexto veremos dijo el ciego"
            },
            {
                "id_comentario": 6,
                "texto_comentario": "Pasquín celebra 4 años más de pauta mientras sigan de alfombra"
            }
        ]
    }
]